Asin,Set_Price
B09H3686LP, 58.64
B0813R6J45, 52.65
B01M64FEMZ, 28.15
B000RADVJ0, 25.42
B01MZXL61M, 17.00
B008V79KJQ, 17.67
B09718MZQQ, 32.59
B07QPQHGR9, 58.83
B0C8JSPNBX, 26.94
B0007OECK8, 20.17
B000EWYCX0, 95.73
B0157D1NEG, 14.04
B000C6RHBW, 50.22
B00EO0ZCTG, 16.90
B0BNLP8KZS, 38.37
B083FBYHXR, 19.35
B082NQGZC5, 22.88
B007CCQNXC, 21.99
B00AEU1KAU, 17.00
B072K4NQC8, 31.49
B00MQIZWUM, 71.10
B08TZJSB8D, 32.27
B00MY6ZPD0, 15.70
B00HUM5NJ4, 29.46
B000J6DIDG, 17.59
B000SO78B2, 21.73
B08MKYXD8Y, 18.69
B0B7NV87X7, 18.79
B000KTB14U, 20.14
B0001D9J3U, 15.91
B0B4XLFFFH, 31.45
B018E0L5PG, 29.86
B00D5T086Y, 55.36
B003XC1H9A, 68.62
B0CCSG8GFG, 24.67
B005I1GFRS, 24.88
B0BZZK3R5S, 19.79
B01KLXFKH8, 19.24
B01NA8WRYA, 14.22
B00MGONQ40, 28.40
B0BBRW5S53, 18.69
B09V7WSYTP, 83.64
B000OSMQVE, 27.97
B0BSR16M5T, 19.39
B001TPR6ZM, 87.32
B08L66Z1Z4, 18.69
B09BNTMLB5, 20.58
B0CCQ5J1NZ, 88.93
B08L67FJ2Q, 20.88
B004N3CACQ, 42.89
B08P31ZC9J, 39.20
B07PPVT5XY, 45.16
B08X21QX27, 79.39
B00D928OF4, 15.81
B07RFRSYPC, 30.93
B08WC96NRK, 54.97
B07QF7S17Q, 17.19
B0BKFKB48K, 13.87
B00MTZENEI, 33.30
B09BD1XJPX, 25.71
B00EAPNJH2, 28.94
B0CDGZW9H6, 58.67
B08XDJCM4V, 64.33
B09Q961ZTN, 42.65
B09NYD73N4, 32.96
B003YN2DPA, 17.25
B002RKJOTO, 17.00
B09F9Y7LLC, 38.30
B008BDSZFK, 18.21
B0B21QSK4H, 34.63
B00M6XJHK8, 15.19
B000OQW98Q, 48.56
B08562FQTW, 39.60
B07JZG9M17, 16.43
B0857Z91PY, 36.14
B00IJUYY6E, 56.14
B077NFGPD2, 14.91
B0966TG75H, 43.94
B07WT4G163, 31.21
B07MPK2XV8, 53.77
B08PFKTB18, 20.40
B013DQF2S2, 42.11
B09NNX6NMV, 37.64
B00G36YW86, 49.87
B07HF85M6D, 58.67
B0B3XMS81L, 26.55
B07FM7W3RK, 16.21
B09B4316HZ, 40.83
B01MU2XXTR, 17.13
B0BX4HGTQD, 151.37
B09LZ5NQP7, 52.55
B005U94N9A, 16.71
B07QKV8RVT, 18.76
B0164HXE14, 43.48
B08DG3Q4DV, 63.13
B09TFSB5XM, 16.47
B09NZWQPCL, 81.13
B09K461TTD, 89.69
B09GW4QCS9, 50.36
B09J92VPH2, 54.68
B08MX47HP4, 14.10
B00JDZ9RTS, 16.80
B07MCXKDNM, 48.24
B088X2RZ92, 47.46
B004F08NSM, 54.76
B07TQ92NJ4, 20.32
B09GPWPHMX, 30.24
B09ZLWLG2K, 90.25
B0C1JR2697, 63.92
B08GKW9WTP, 41.66
B00GMV5HDG, 24.69
B0BNCBZ11L, 96.87
B01D4J5JMC, 50.88
B09FJQ7CWC, 63.17
B077NPVN69, 16.78
B07PFXLP8G, 29.00
B07H6SB33W, 16.96
B00BKWHP3C, 25.57
B00D7ARYHC, 55.17
B0B64J7YQC, 191.19
B0753929DV, 39.46
B00AJU0GIM, 30.23
B0859MDSFX, 26.19
B083JL8CLF, 38.87
B0928WNNCM, 35.53
B00JKB63D8, 14.43
B09N8NJD66, 54.53
B0CDBYQLY9, 96.26
B0CDBXBBJW, 119.99
B07W6JPVP3, 49.60
B07W4DGLY6, 40.60
B07538S1M9, 39.05
B07G5L596T, 31.52
B01KKJHSP0, 61.40
B09B26T8QP, 69.05
B0713WPGLL, 61.29
B01MD1SKLL, 16.49
B07G1S1FKW, 48.21
B01MT5WMMG, 40.75
B005S452WY, 30.94
B07P495TQ4, 59.31
B09JZTJHYG, 37.98
B07YCFZJN4, 28.75
B07MTP9VKX, 49.64
B09LVG58VX, 105.77
B0CJ1ZCWRB, 25.01
B0BHHVHQXZ, 111.51
B008FT05C6, 31.09
B00AQ92M06, 21.92
B09LVQCMK4, 84.30
B08F6MYV2Z, 94.90
B07PHNTV45, 14.31
B0CK2P1PXS, 68.85
B0854Z4R1R, 14.58
B07VP5X239, 68.24
B08D8QTNKG, 53.97
B09CH1R67T, 120.65
B00BYNCTOW, 40.07
B08GDC3534, 19.78
B00C2ICYPC, 26.94
B07TP46QQY, 29.06
B0CKRXP2PG, 47.17
B0BRL8B5L5, 169.24
B07S5M9J9N, 62.54
B01BPFKNNM, 30.03
B09X5XYG12, 21.93
B08GNB466W, 63.79
B07S45HBQ5, 49.59
B0BQCKM7FL, 44.40
B07CWWSQDN, 14.95
B00ADW9R22, 23.60
B08897N6HJ, 106.69
B096Y2TYKV, 154.68
B00A0VBPLM, 20.34
B0B2X4GM2V, 51.19
B07KT96ZLC, 37.20
B00BY6SHI6, 34.62
B015OW6D9A, 26.95
B07W6GM6Q2, 53.85
B07S5MZQHQ, 65.41
B0032W4158, 47.43
B07W5JHX86, 63.23
B01L27QFSK, 38.78
B0CH8NS8ZJ, 30.58
B08C7BGV3D, 48.50
B08LZJ2H9S, 46.74
B00SWI2UK0, 38.59
B000092RRM, 16.51
B016WFYCD2, 20.85
B085PFRFKX, 28.36
B016WFYCFU, 26.90
B08ZYSV2ZK, 68.08
B08FX98B59, 38.45
B0CMDHMH4W, 69.69
B0BHZB6HDJ, 39.69
B0C8PRJMF9, 161.69
B08F2T133N, 32.60
B01DA80FYY, 65.85
B0BRL6QY43, 47.11
B00O1Q2HOQ, 26.39
B0B24MS1RM, 54.98
B0CG6FYM6X, 40.05
B0B24LRN6B, 51.65
B0BG2GZJ1Z, 27.48
B01E3PJPCG, 17.76
B0CH8J1MMG, 27.71
B01LZRZ24Y, 19.61
B00LZSPLZ0, 31.19
B0152X16XO, 20.89
B0BRL6CFJD, 55.76
B09Q5TMPLC, 17.59
B08C7VJYB4, 19.75
B01NCLGBGW, 25.29
B09YHNCQNZ, 41.84
B082YKKVHV, 43.95
B0BBRXYTGB, 21.99
B0B21PXQLN, 51.56
B0741CGGDG, 16.79
B01N97CR28, 14.64
B07D39CJPV, 15.26
B002WRIBZ0, 30.38
B01N39PVPT, 16.54
B01MXZ45SW, 60.63
B08DFLG5X6, 21.98
B00BYHGKJI, 16.78
B07NQ4VNJK, 28.27
B07DGMWKK9, 14.04
B0BN25KNCF, 23.67
B0CSKR1XQR, 70.14
B08Z9C24G1, 23.87
B001J524QS, 15.14
B00L9I72A8, 24.35
B07W72TDM2, 17.39
B0758D818N, 22.21
B09HCHYZ5R, 88.09
B00GV9FS7E, 30.21
B08WHJFYM8, 157.80
B0BFFTDQR2, 94.64
B09X7DCC51, 107.19
B07TY18CXL, 25.07
B0CFW2WMSF, 19.62
B08THWD4BN, 19.07
B076J1JBNY, 65.71
B0CMCWXPFX, 57.32
B08HMQ9964, 38.45
B00PH4MFU2, 38.95
B0BPC5XNL6, 28.69
B01AI8SAI2, 15.57
B01MXV5RDE, 39.62
B0CYFYX9XT, 19.87
B0030FCNB6, 16.03
B003LXB3GS, 43.70
B0BV793KD1, 38.89
B00BLISKZW, 23.88
B00G8QKAFU, 42.53
B000RAC7T0, 17.27
B07ZCBK1P4, 26.99
B07L6YH83P, 27.51
B08L66MM6L, 22.46
B07MCW81MW, 21.38
B083SP5L7T, 18.29
B01GK9ZA7C, 71.03
B000VD1V8Q, 20.02
B0BVKYVJ4X, 18.05
B002Y15CWO, 90.49
B01NBDVB7X, 20.25
B09GXCKX55, 152.11
B0842P8CJ2, 100.29
B00HVZ7P82, 19.92
B00O4CTR68, 41.79
B00CBNY4XI, 32.99
B07XVX5WQL, 81.95
B0842DSSY9, 14.85
B001MPST3M, 15.35
B078K4K423, 76.33
B07JQ2TK86, 27.12
B08PKK78LL, 79.40
B0B916V7KR, 74.71
B00473Y9MG, 42.00
B085S3C54Y, 22.11
B0CCSCKS5H, 143.42
B084QC785N, 28.89
B09R6R8K3T, 18.14
B08BDYHS7D, 31.60
B07L14VZF3, 15.77
B015FO9XF8, 24.17
B09WTJGWY4, 89.64
B01N1O0F2K, 66.90
B08HGRWC1D, 17.25
B01AG0FSZ0, 30.93
B07FTR61LV, 18.71
B00K63AHZ4, 15.09
B07PXSJMHF, 16.13
B01MXL14UT, 22.32
B083QBB6FQ, 20.70
B09N9RYWK2, 76.99
B0B3RJMR4J, 18.61
B078YHHMWF, 21.78
B09RTGR8WS, 53.04
B08BYL9SCW, 18.42
B001H1440S, 18.85
B084DPF3G6, 22.01
B001J8C4Y2, 72.71
B08MZYX1W6, 31.63
B0021UWBKY, 16.36
B08Y1GKK54, 18.79
B09LVVLLBN, 18.08
B09NZBVS1N, 73.03
B08KGCLRCT, 22.16
B07F6VHDCB, 33.00
B07CPWW99H, 142.45
B0007XHGAC, 36.45
B01LYZHEHV, 42.67
B086H18F9H, 58.12
B0096BY8PC, 29.39
B01G73GNR2, 24.34
B089CDCCR1, 39.84
B007259656, 23.60
B00AZRWSJY, 30.48
B093WZHS1G, 95.02
B08LB9Q4YS, 31.89
B00BB98OK2, 136.98
B07Q961Z9P, 20.25
B09H6P2DQS, 22.12
B0CHTDZ1JC, 19.18
B09QFQPYKC, 41.06
B0B8DNYLCH, 58.71
B099WKS8ZB, 16.63
B0BJZ6YJQ6, 15.69
B00ZHB6N1M, 43.48
B015Q7Z37G, 16.45
B007F01VUQ, 22.63
B0C8ZRMDC3, 167.10
B09MTN5M3X, 67.82
B0C49ZPVDY, 17.11
B089SW4QYS, 21.09
B07JBH5PGS, 132.91
B08L9M5X6Q, 23.92
B07NJ9NZDX, 12.08
B07RWNGYNV, 12.44
B003UWXFM0, 45.07
B00VFQTDEC, 216.83
B01IR7MYHE, 19.09
B07X7JSBHG, 41.05
B07DRS3DRD, 32.74
B00BQWL4A6, 19.72
B0CCJ27TLR, 32.64
B0043VUU1Q, 18.08
B07RJM4DC8, 31.34
B07WFQJ8GY, 62.13
B0001P0CLQ, 27.47
B071GC2VFG, 29.42
B0721B9ZBL, 31.20
B072HFWLLV, 16.35
B00YCARW5A, 17.55
B06XV8DV3L, 14.35
B06W9KFD21, 74.62
B07ZYBYXXF, 29.52
B0BZJP5FYW, 28.78
B0C822P9WP, 46.76
B00AG8EHO6, 16.32
B08SRB1PTX, 48.60
B09JSL2TCT, 19.19
B06VVKCCJH, 18.30
B0001P4S70, 17.02
B085HC5LCJ, 157.62
B00GJ1A4Y6, 34.41
B01LX9NZH5, 14.89
B08DX91BB5, 28.18
B09QFYV5X5, 53.13
B089HL2WWG, 65.25
B015E6KXPQ, 102.41
B01MYDNDXZ, 19.88
B0772VVYVY, 16.45
B08GLX6JN5, 28.80
B001C9UTOK, 25.31
B079NKSFVL, 15.93
B08JQMTZF6, 94.17
B00W1H9AW4, 30.76
B00121DUMG, 26.35
B09B8M6898, 16.23
B001HX4DNE, 23.67
B01CRDWK8M, 19.20
B075L9TD9W, 14.51
B000A8BKI8, 20.30
B079PL858H, 14.87
B09BNVS9RM, 26.76
B004YWUQUY, 16.10
B08ZZZH5K2, 25.36
B0B21PXKLV, 78.05
B08CB9TJXH, 65.94
B07PPWCP3K, 23.37
B07RCHVCJK, 21.91
B0043A66LA, 20.79
B08G8XMS26, 63.79
B08ZM8T2RG, 18.00
B07YKRWLJX, 109.10
B09HHJH5VB, 47.94
B08LZMVXGQ, 63.75
B07H3CRRP6, 41.03
B0767LKG9D, 25.76
B08XZ6CYRR, 15.91
B0991TZ399, 33.59
B00I1XLCR8, 18.25
B09QG4F5GZ, 60.68
B07MWFKTVG, 36.37
B09RZRMNJK, 23.90
B00D17QXSC, 23.23
B08M651HR2, 38.45
B0009JJN7S, 39.63
B001IVZCMQ, 20.77
B00TUXI4B0, 16.49
B075LPBKRT, 47.45
B01LVZWG4A, 15.06
B09DPLWYQG, 45.71
B086LMG7B2, 96.84
B004F61T1O, 16.93
B00C72DIYE, 35.82
B0CKFKTBZH, 54.59
B099X7QV2P, 35.82
B08MXHFCQS, 26.02
B07GWB869M, 63.24
B000QW3R7U, 34.05
B0C9D1ZXRR, 29.77
B0873MPVNF, 32.91
B07B4LXCSF, 17.87
B001I912SQ, 19.28
B0822YBGK3, 26.27
B09T6Z3C6L, 22.36
B09BBN52JG, 63.26
B07N6VZYD3, 63.49
B07KPM58FX, 66.02
B08DHFX15Q, 37.12
B07BVLRQY4, 17.58
B09JKZMY8H, 142.23
B06XRY5FTX, 24.77
B07RZK2QWX, 17.01
B097Q1ZPPY, 23.53
B07SKW1V7T, 22.58
B08F3PBLCL, 82.79
B08GPDVHM4, 15.14
B08XQ2LM7L, 36.29
B09GY34QRT, 184.59
B095X7GZVH, 22.58
B07XDZYVDX, 32.85
B0B971KVL9, 21.67
B08L66NVVH, 50.59
B01MRX7HUR, 21.82
B00I4SJ182, 41.90
B003OA72M2, 25.54
B085GFBH39, 27.46
B07RJSWLPC, 18.52
B07K7ZGKQ8, 26.37
B00KMGPH7I, 106.16
B07BNLRQ44, 36.69
B0B91WQYB4, 37.94
B007X377IK, 22.60
B077XJCWYT, 24.35
B07NQ4PTWF, 19.16
B01N95RN0D, 47.76
B06XJ49G5B, 117.78
B095YXW52X, 30.24
B001MROI2Q, 18.41
B01N383ZFN, 19.98
B07GTPMSGP, 32.07
B0BW2WLYFF, 206.45
B07B7VRHY7, 63.68
B07YG699SF, 20.83
B001TZ3ZN4, 48.43
B08H1CX8V8, 25.82
B0BNYQC95P, 107.48
B004NO0GMQ, 16.45
B00029LIFA, 62.94
B09ZB8M5KP, 154.54
B0BTJRHSQL, 19.24
B07TV8S14K, 20.33
B098JLCK93, 27.12
B09Q6GB96P, 22.02
B00ON9ZJCS, 56.00
B09N7FH3MV, 34.55
B001L5SLPE, 14.75
B0099PZ7PK, 23.53
B086VX8G2K, 19.26
B09G3F8PM7, 115.83
B07B8KG84H, 19.35
B00M83IWC0, 17.18
B004FF5BO6, 16.98
B000VD1R8U, 55.08
B0767DDXZT, 13.79
B079X7Q6P7, 31.50
B000NOVKVQ, 18.76
B0BTPL125J, 18.23
B09RX1HH44, 81.44
B00NUBGFGO, 67.52
B0001P0BXK, 15.58
B0BW65C1W4, 32.96
B08L64H653, 18.25
B0BN61LYFB, 95.29
B098XSQC9H, 26.26
B0BXP73TCV, 22.34
B01IA0FZSI, 41.65
B00FQZK9LE, 78.31
B0B46NGSHK, 25.66
B01AVXACYO, 145.93
B085LQSCDV, 16.47
B01DM3SGSY, 70.25
B00IL35TZ4, 15.79
B00IKCY51K, 20.60
B07YSSK9LW, 15.68
B008TLWQOK, 24.22
B01BITBGK4, 47.32
B0C3WQPDRN, 82.79
B0B6F8SVGZ, 26.71
B000UYUJSY, 19.98
B079P899HQ, 15.37
B07P8T3VG1, 34.05
B08XLSXQQF, 122.10
B0B8354XY2, 17.37
B000CRH95U, 18.54
B09WP3FL8G, 19.93
B01D0VIBNI, 31.84
B0743H6MK7, 15.39
B0B3JPFGHX, 81.94
B08C74694Z, 49.29
B01MYUJ1A8, 23.62
B0085Z00B6, 20.10
B018GJWTP0, 21.99
B08MV8VLS9, 63.36
B098T4RWGL, 95.98
B09WRG84DC, 15.39
B0CT5TC3VW, 128.34
B0BC97VJFC, 96.75
B0001E3TJO, 17.55
B07Q6YNCDN, 19.15
B0778SSSBW, 22.10
B01N2HSU4P, 54.97
B00CJOWDLO, 15.41
B010UQN1MM, 39.34
B0CXQ7LF9M, 31.19
B0813S3V4G, 44.92
B0CFVXN4V5, 19.84
B00JJAWX2K, 109.99
B01BU0GIGS, 135.48
B08KGT6GTT, 52.24
B000PJH5TK, 26.20
B00OZ0G3TI, 22.57
B003YPBAPC, 15.39
B01BHXPWHE, 62.97
B0BL1PYL4Z, 15.65
B00E6MZ0GC, 13.99
B0C52Q654S, 25.22
B0142TNG50, 33.95
B0054WIYXY, 59.82
B000XGBNR0, 16.43
B0848ZTMHT, 56.84
B07YL5TVR4, 18.12
B00BZC1704, 171.30
B0B8DYJPK8, 16.49
B08ZNVZ7MB, 14.84
B01EJBJY66, 43.58
B07HMSXZWK, 40.88
B0BG5BWN2V, 17.00
B099NSD35X, 55.69
B0BS3SR986, 60.13
B00429KKMI, 19.16
B07MYLKRYM, 14.29
B08V8D2DTK, 19.24
B0029ZEKJQ, 16.45
B075V8SPZ3, 21.95
B075V7PNH2, 14.25
B072271WPB, 37.48
B085VZ4VPZ, 22.07
B08H8TFLXM, 18.28
B0B2B49B8C, 19.81
B013ZLIMEQ, 48.40
B06VYBZWFG, 46.35
B0859VL2ZF, 57.74
B09P22HXH6, 16.37
B0BPYDLVTM, 42.89
B0C4B8NC6P, 157.53
B07W5JKN19, 78.74
B0B2X4YFLP, 59.39
B07MDLN91Z, 102.44
B073168GYF, 19.13
B000A2166A, 28.04
B09BNWY6SB, 57.83
B00BONDAW2, 19.09
B0B4HJQKPM, 44.54
B089XDNLTZ, 46.62
B00K06COJY, 29.56
B08GQ8C3VC, 118.07
B00B0W7UHI, 20.05
B01M3PKXRX, 22.12
B00AWJICFO, 28.23
B0BQNCMMZQ, 14.50
B0009QX20A, 18.33
B09WYXH5M3, 36.47
B08HN48666, 131.69
B075T7YPV9, 18.14
B00F2J94QA, 16.88
B09MK98XVX, 19.36
B08JR1MXB5, 62.96
B07NXZL1CL, 23.04
B081P6X98Z, 14.91
B00FW1KXHM, 36.82
B00AHCIJC2, 14.98
B09KRZGHK3, 120.40
B08J7ZD94X, 31.29
B000679FZ8, 80.58
B008RN0BGA, 105.53
B0002HYFAM, 19.02
B07TV2J72X, 91.72
B082YMFM9S, 14.84
B084QJVSWM, 33.17
B008M11XS2, 48.69
B0BVBGVLJS, 27.95
B001BAG38G, 41.96
B000296L1G, 20.52
B0BNYVJLGY, 56.18
B00G98EJHM, 46.73
B0C6TRPB66, 24.51
B09MZBK7C8, 97.75
B0773GSQRV, 19.53
B08XWKJDMJ, 16.45
B00JLZZ19K, 24.69
B007MLW9VS, 23.72
B07X71T4R6, 113.09
B07B1WK3N5, 78.97
B01MQIAZ7J, 147.95
B07QZ7NXKF, 30.79
B07H431YM7, 61.30
B00JVSZU98, 29.63
B00TDKM2XG, 64.94
B002KFZVYI, 22.01
B083KZB7XW, 57.22
B09TKYFXYR, 49.38
B094W7S5KY, 14.88
B0009V6N1U, 32.33
B007PBELTS, 19.42
B0911LPMKR, 20.89
B000NNZ2UM, 14.31
B0C3M9B8Q2, 49.17
B0BKQGT9CL, 40.94
B00UBMO7RY, 60.06
B074ZS8BKM, 65.44
B079VQ9TG1, 45.05
B093133273, 96.24
B08FCPW499, 64.63
B01DO4M01K, 35.31
B00NC1WZ84, 22.30
B07DVXLCHN, 14.62
B0BRY1LK8B, 82.44
B07K3FPRWT, 18.60
B0778TRRJ5, 20.69
B09YKSYV5Q, 67.39
B09L78G4T6, 21.60
B0018M1Z0S, 92.95
B0CCB4L7S2, 19.04
B0CM28YH6K, 111.25
B0CGDQ45VH, 74.40
B088X2NV2W, 34.64
B0845NMZ6K, 55.85
B000U7C35I, 70.60
B079YS8SF1, 147.06
B07ZDRCQPG, 30.71
B00DEYEIAW, 24.91
B07PZDVXLL, 49.45
B09BNV1HRL, 20.39
B008MZDXWW, 21.64
B01MTU4LOA, 75.10
B0BP7W5HB5, 25.81
B000IEQQCE, 26.82
B00E40HV04, 15.88
B0932J2MX8, 187.89
B00KWB9JOA, 47.14
B000ZEH770, 29.44
B09CGCBVJZ, 16.49
B0BF636VBX, 58.05
B07W5BG86V, 15.33
B0CCVCJJDB, 19.16
B004D26EHY, 21.31
B00KPPXVZQ, 140.79
B07W4KXHY1, 97.54
B081BG5D9Z, 17.33
B01NBMPOUH, 15.92
B00U770P24, 13.90
B09BCV93C3, 58.01
B07SS5815M, 23.84
B00WJEGN92, 23.71
B003HDB1XC, 15.92
B000XFG2QI, 34.55
B00LGUAXGO, 21.44
B07JLJ3K8L, 43.26
B0BXB5BVRF, 97.40
B06XD69XRM, 31.57
B0002HOQHE, 16.47
B0CF8RPX5M, 84.23
B07F2L42SS, 31.26
B07RCJDKBF, 194.78
B00DUCIMCI, 64.92
B081JZ9239, 45.64
B08WX4YRK7, 37.40
B0001WGISK, 17.59
B085FDBF6P, 28.80
B00WJPVFI0, 24.74
B09ZBBBNG2, 24.70
B08768HX5Y, 21.99
B099NQLL47, 28.27
B000QYM2OC, 15.93
B07J68YM4N, 100.40
B08G8V3Z9Z, 31.14
B08DP2CCL1, 44.54
B07DF4YD29, 30.20
B00MFEHQMO, 28.71
B00JADLUTS, 49.35
B09T3LCWXT, 13.56
B00Z1LXAJG, 77.64
B01BZ1VJLQ, 20.47
B082FMFRLM, 21.08
B08SFMJ39R, 74.27
B093BW8PBG, 158.82
B0CQ3JZPFX, 29.78
B0012IMLKQ, 33.92
B007FQB5RY, 42.59
B015QHVUH8, 25.22
B0816NZZKF, 14.32
B079DCG6HJ, 55.95
B08FCNVM69, 49.63
B008GKSTVS, 19.59
B004UMISU8, 21.54
B08HY3VBF7, 76.98
B099SDYQ1F, 92.41
B09NJP7B64, 28.37
B08Z88YJFQ, 14.62
B09QHSLZS9, 16.46
B0BP2S5JVK, 52.82
B08861XCML, 20.06
B003VOSI8S, 46.29
B079ZN87FT, 91.60
B00T47OD5S, 58.29
B07MB2VBST, 84.75
B009SS6GHG, 22.10
B01J0HXGG8, 27.45
B0119SRRQQ, 36.49
B0BDRP9HZT, 32.90
B07C37W5DZ, 28.73
B0CHX2WD4R, 133.06
B0BV7F4QPJ, 15.39
B06XCKYYKY, 26.92
B0076XD7HC, 19.90
B01D17KD5A, 120.19
B0856FMY8B, 35.17
B0CXTDY9NG, 31.84
B007P3B2Z2, 21.02
B0C8BJ9ZLB, 16.45
B076Q6FYWG, 43.17
B0B9YHMSC2, 11.54
B078Y3J66C, 19.23
B0844Y3X1S, 63.53
B00006JAXW, 16.02
B08LQF9C7Z, 80.73
B00194OHW8, 24.08
B09H77PGPV, 28.10
B08ZSGP2DZ, 59.49
B07DYCXZM6, 17.19
B00E20KO7I, 19.11
B003ZYTOBY, 54.99
B0CBQYKFR2, 58.73
B07K23ZJFN, 102.45
B0BQYV2FTS, 17.58
B002YUJ5KK, 14.25
B0CKHM11FD, 13.62
B08GYJ13XG, 30.00
B096PH7PQX, 21.24
9088190011, 20.24
B079QFKJ13, 67.40
B073X6YDCM, 17.79
B079QBDTDF, 32.32
B002SQJIXO, 35.89
B08H8VKZG7, 17.45
B0CHX14BLM, 132.84
B00ER0C4L2, 27.49
B07CN9PVY5, 19.24
B008IC0Z8Y, 31.70
B079QMW12S, 47.88
B01N2KAO2W, 17.18
B07XVYV3X6, 18.21
B06VW3X7TY, 76.99
B0CHX1M2XQ, 157.87
B085S33F8R, 29.70
B01AV68KNG, 26.79
B07CQBZJG4, 32.45
B0BFRF32PM, 27.66
B00497M53A, 14.98
B0CNPZSWTR, 15.01
B002C7D9XO, 17.90
B09KM5V1P6, 70.95
B0C5J4M8HD, 78.39
B00F19Q7YI, 18.15
B08L659TWX, 52.90
B0CX5BL4R1, 25.66
B0CX5F5QXQ, 26.99
B0CX5D3MZ9, 27.48
B08L6942FF, 63.80
B00I6L9CL8, 16.49
B09YVRTD3W, 52.25
B079K8L72H, 76.99
B083V2P3JG, 76.70
B097TQ3432, 21.45
B097TRBTX7, 26.88
B07TSJT1W1, 40.43
B07RQHKTR4, 27.62
B09LVFVRYB, 48.03
B07RSNT857, 22.45
B09JL94H8B, 109.45
B08XWLHWF9, 65.66
B08XWQHBCR, 53.19
B005EJN004, 92.94
B006FEFBHC, 24.57
B0BLJS77WD, 19.09
B09Z2RTQHC, 59.33
B00AATD6MU, 22.77
B0822JBM3J, 36.29
B09Z2TP5HL, 85.82
B001VBK48K, 15.68
B07X4J49MX, 142.45
B0CNKK8DCF, 128.07
B0719JNG1Y, 15.93
B07TT5RNKR, 31.07
B07KGBKZPH, 35.69
B0CB1DF4JQ, 23.33
B000CR38Y6, 25.42
B0719JMNQ8, 15.86
B00KTGAW26, 22.68
B0744LR2DZ, 27.64
B07QCNFWNT, 16.42
B01AD6A7HG, 145.19
B00BV4CTIA, 57.15
B00BT01JYG, 23.01
B00BT01J8W, 24.66
B00BT01LWG, 33.84
B07DQ2Z3GP, 16.85
B07YF2JXKT, 17.48
B07KXBBZ9W, 23.09
B087ZCKBFP, 30.51
B07YF1SHYJ, 17.66
B09W18L7WJ, 59.31
B07DQ2YTN1, 23.12
B0B5643C7N, 93.71
B00NLBGD1A, 81.95
B0B5654S3P, 123.74
B08JGJPR54, 32.38
B00C6ZBKX8, 20.28
B0BCQ8MQLR, 40.91
B0C662ZCSY, 43.66
B09Q6JJT8C, 30.15
B08NXWRVV2, 31.58
B000FTADX0, 74.88
B09Q6H44YP, 28.45
B0CQ56P6W5, 141.40
B00KAQX66Y, 129.22
B0CCYFM3DT, 22.15
B0CCYFP62W, 21.77
B0CCS61FJ9, 45.64
B0CCYH512T, 22.45
B0CCYGPWG8, 22.34
B09TL6PJQ9, 36.96
B07CVN3PZM, 56.22
B09J593WSR, 79.74
B0BL1RN815, 18.14
B07HN2HMYB, 80.17
B0CQ7P5X9N, 170.20
B0CHMN4KVN, 66.76
B08ZM8TC4M, 24.74
B0BZSV8FFZ, 16.02
B0999JLQMX, 55.17
B08FC33XBW, 61.11
B0BBLZQ4D4, 48.05
B01LWXA207, 33.85
B010LMJ31I, 15.94
B082YL6L2C, 49.15
B06W54T9DH, 39.37
B001VGASYA, 30.55
B0BN4BQ1DM, 30.25
B00QEBOE0Q, 68.26
B000RSTX9O, 43.26
B08LLHKYC6, 14.29
B07NLPV37M, 54.46
B00ZESS8MK, 44.10
B001D6BMBQ, 20.48
B0BQCH6BLB, 38.25
B07GTKNN4P, 20.87
B0BBPYTFG1, 25.60
B0CKXX8CKV, 18.02
B07HFPDSF5, 31.33
B0CFW1BMCX, 26.95
B00116VBIW, 54.95
B0CGTSZWTM, 16.95
B07D4ZPMSX, 24.19
B00JPZ0B2S, 42.54
B0844ZS54H, 62.82
B0C665WWTD, 37.65
B08WJP6QSB, 24.65
B00U1ECKDU, 31.92
B09ZVLLN5C, 49.76
B08H23RZKV, 59.94
B07MCW513H, 19.60
B08T9ZT2T3, 20.17
B07WJ7WFNW, 125.82
B0028QK6EY, 20.48
B093BVQYYM, 71.11
B07RDXWWWZ, 24.87
B073GTSPLP, 43.36
B07BPYQMXH, 54.44
B08JQX9VZR, 62.29
B0C29ZYD72, 14.00
B06XDC3GKX, 19.84
B08YMZTTK1, 76.45
B07CKY2QR5, 14.83
B09X9D68K6, 32.73
B0CPJ23RHZ, 24.94
B07BXT4NQT, 51.88
B083ZJZ8K2, 75.08
B08JQVB33F, 104.65
B0002TTOQ0, 37.38
B0CYCMXDN2, 94.81
B0CK4SBXP8, 23.14
B001TH9PIG, 13.84
B00DWSS3Y2, 35.71
B06XS13WLY, 15.29
B0777Q85P1, 43.62
B085R7TSN6, 106.74
B08HJN3N43, 55.59
B07CNKTY7C, 44.99
B093LR4SGC, 19.02
B004F61SY2, 15.94
B07QF7RT4H, 15.66
B07BL68M59, 17.68
B0C53TGLCY, 23.08
B09BNX5GQL, 21.79
B07S82MSWS, 24.05
B00S5R14MI, 13.80
B08KGGS7R8, 43.79
B00475BKLM, 14.28
B08CV2RJM1, 42.12
B00120VWJ0, 14.29
B09DL8DQVB, 43.79
B085CYJVKG, 97.86
B0CF3CQRB6, 22.90
B07XVY2D82, 86.52
B0888SRMHS, 76.25
B086BLS11T, 100.62
B08S45DJ39, 52.27
B00EOAE6ZM, 16.26
B09QFSG4ZB, 34.64
B0BSNV58RL, 24.32
B0BTG1MTNS, 23.17
B00GE9SJ18, 45.62
B09GKRR9TZ, 68.75
B00N0W2R9W, 26.40
B073V16YBH, 16.48
B08H5PJT8J, 47.13
B00B9Q090U, 38.07
B00NABNFNA, 19.24
B00BLZVJ0I, 28.72
B0B2X2LQFB, 20.06
B0BQYVQLK8, 17.57
B071NTMZ61, 145.15
B0831W7DLV, 16.86
B07W66F3V7, 32.13
B094R8CJH9, 19.51
B08YKD56BV, 25.35
B00ODRSHZ6, 37.28
B00IMF1B5I, 24.26
B00E6EKCNG, 15.38
B00QV9T7XU, 31.71
B07HHF8MZH, 96.22
B08LDVDFNL, 21.69
B004WLM0IS, 22.57
B098JHS4WP, 56.58
B01DX9DHJA, 24.47
B08MWHQ37L, 84.52
B0913KY24F, 60.96
B0BQWDLH8K, 84.36
B0B6254J5S, 22.81
B002NKR4VI, 159.70
B096WB6PBD, 20.99
B0CVKXTWPK, 16.14
B00RXQJE5G, 18.40
786967501, 21.68
B086LGTSM1, 141.86
B01MA4K59B, 21.09
B08D6W48K8, 26.89
B0833JC2KJ, 15.16
B000PKDTBW, 15.33
B07PNQTSX4, 15.80
B083F6VMRQ, 22.01
B084DH8DV1, 20.36
B01N6Y6G16, 76.95
B08SFGZ9T3, 65.99
B000B9RKAS, 31.90
B096VCR9D4, 42.92
B0CGZZD7Q1, 33.32
B00336I460, 67.67
B07573ZWJP, 18.94
B07GWS58SC, 55.00
B079Z6RG9W, 18.06
B0CDHC23K4, 52.21
B0B24NQTK8, 33.68
B082YKMPRK, 34.82
B08555DKVV, 16.34
B0CT3LRGW5, 31.17
B0CSYR9LJ4, 30.75
B07G8JQSQR, 23.88
B0BF5VWL23, 71.31
B07NSKGZ1V, 22.63
B09VH4YDS9, 14.89
B07621F2L2, 92.34
B07YZB1SCL, 16.11
B07YVDBRZR, 20.72
B071CGGMRG, 18.79
B003V8BOLW, 26.00
B004I8ZSQQ, 15.55
B09WZ2Z6XQ, 45.70
B09MQP51WP, 21.64
B0BNYP87RZ, 150.65
B000VCZU8O, 21.97
B07MBFLZ53, 71.71
B07MHNGPDN, 24.19
B078VGJPKD, 21.40
B0BBRZ6D5Y, 38.67
B0012F2ER4, 19.33
B0C5RKTSWT, 26.73
B07CB6F7SR, 18.12
B09T6FSF69, 18.03
B0BS1L24V1, 26.11
B0002LN71Q, 20.17
B0854ZGPY5, 16.86
B07CV1GCNP, 26.02
B08B1F6TJQ, 28.79
B00650CYIU, 51.26
B08DL59HMD, 32.98
B0BN97QRPX, 115.37
B0B5HB3F85, 33.70
B0C4SSQGV3, 78.86
B00WB1PLDM, 131.99
B003XW7GP4, 46.57
B07JJKTHVM, 15.37
B08F2HMKQY, 64.65
B07JZH2ZRT, 18.07
B07KYSH6BS, 33.41
B0BPC6LWK3, 151.08
B09DSS2TGP, 83.92
B01LWMEPYC, 15.58
B00KMZZJWC, 31.77
B06XJMWSDW, 47.21
B000PVCKWU, 15.12
B072PRWF5W, 19.99
B09S1FHXMS, 22.52
B07VBPT4D6, 69.39
B0056115BG, 132.85
B01CILZXRI, 35.82
B07MJQG24J, 17.77
B000PV9HXA, 19.76
B0B754XJPN, 29.14
B0B2BRBGW2, 17.04
B0BNNV6R37, 19.05
B097L2BTH6, 36.12
B0C5F4N355, 31.83
B00UZG44NS, 26.83
B06XGVT967, 17.70
B09LM8396G, 50.13
B082J35Q48, 16.78
B078PL9WS6, 23.55
B07DP71X9S, 23.76
B000J6ESTO, 47.06
B00B23IXIA, 17.28
B0B3JHP728, 70.98
B002L4104I, 115.29
B0C1ZMGKQF, 16.23
B0049IVSU0, 27.42
B005ERP4BE, 22.51
B09LMTF4FX, 35.88
B00FEFQM44, 21.99
B08FC96FGC, 15.71
B09XQZR4G9, 36.37
B09QH8LX1V, 19.84
B08QN2BF5M, 21.49
B07WQ3P658, 74.79
B08LVVK3NQ, 40.62
B00G36YUEM, 50.16
B081QR72TJ, 45.74
B014GNJV6K, 33.22
B003LPUDK8, 49.49
B01HJRDCG0, 48.97
B08WX1VT99, 16.86
B06W9NRKR5, 51.27
B0BGS7N3MT, 17.59
B01LWLP5HB, 40.63
B001IKK7DG, 48.48
B00H33P570, 53.39
B08T1P848Y, 15.34
B000ONNDIO, 14.05
B07PYXJSST, 16.32
B0BJLGTY5X, 39.22
B086LM82GD, 80.88
B018MA2NRC, 41.25
B01ENSZBWG, 26.52
B07BQCQ366, 17.25
B08MWCYV65, 57.70
B09DGMX59W, 16.08
B005WG8XS8, 156.20
B01BU0GH5U, 107.71
B00008WVAV, 23.93
B08634653D, 37.04
B00NNOP21M, 45.93
B01MSYN55K, 16.18
B0BS71CL71, 56.24
B08DG74ZCJ, 23.09
B08CZTTFD1, 44.00
B01DA64Q7S, 35.51
B00NEKIXKW, 55.90
B07N6VCRD5, 16.61
B08333BB9T, 54.47
B076CRFHFQ, 24.37
B003EA7ZXS, 37.27
B0CCW2XDGM, 17.42
B06WVDWBVD, 21.99
B00IGDZGHA, 61.28
B0167UTXRM, 41.22
B07N8DR696, 85.25
B01N0JFFRP, 29.78
B075851QRH, 21.99
B01H70LLN0, 16.35
B01HD6RFII, 84.87
B09GNDCS7B, 28.22
B0054WJ366, 84.22
B07PHZLD5R, 26.36
B07M6PYHKQ, 24.16
B0B5X37472, 26.60
B07J9ML95Y, 16.21
B0CHWYY9S6, 138.84
B0BG2DW1V7, 20.24
B0BFF6TH8P, 53.05
B0C58SWDZV, 68.57
B092THB8TM, 30.54
B079H7JVL3, 98.80
B06XQJMZFK, 65.45
B07KB4HBBV, 12.86
B07MBF53BD, 25.57
B000JDWFOC, 38.96
B0CBQXGZ85, 59.97
B019PYQY6K, 86.85
B0054WJ46A, 120.84
B07H6SK4KP, 74.80
B077SN3QJT, 34.93
B0BH94MZ1Q, 106.87
B08KY4P7L5, 185.76
B0BLH2C3L1, 81.95
B01FZ3DP2G, 60.02
B01BFHH27K, 68.80
B0B7NY5TSY, 33.04
B00HPXVA8G, 20.88
B07ZS5T78K, 18.75
B09J925NVW, 24.09
B09J9435FN, 46.73
B08M91W7CC, 63.60
B07NQ273XR, 67.66
B0B6F6FQS9, 41.65
B00GPZXRAY, 19.64
B01A5MJUIK, 23.78
B007H5C2V6, 54.99
B09J8N75S6, 15.54
B0C5JXSPLV, 90.70
B0BZMLGCC5, 15.33
B09N2BTWR5, 27.93
B013SJOKRS, 17.02
B07L5YFDSS, 13.00
B095W294ML, 19.78
B001J5QXAQ, 16.49
B000NUY38W, 78.05
B01N6SLA5W, 26.95
B076WVB12F, 32.44
B07L38FG18, 45.97
B001J5L306, 16.64
B0BNLNBRLF, 18.14
B004Z54Y94, 31.09
B076WV958B, 38.87
B076WT5XGD, 44.90
B07JMCPJ31, 40.31
B0BW95KXKS, 38.24
B01B4WOJWC, 38.05
B000XA8UMC, 26.47
B0772VCR52, 17.65
B0BS6YNFH1, 43.57
B000WEIJUW, 15.14
B0067YIBRM, 18.14
B0BS73KV16, 16.33
B01J8GQVX6, 18.94
B00YKUG032, 20.31
B00B98SUAE, 17.27
B0015IRHU2, 26.95
B00JIM5QPU, 26.81
B0CCW217QV, 50.26
B07NQ6R7R1, 18.76
B000XACIQG, 13.98
B081H8MQ46, 70.47
B08WYLH9JT, 22.25
B00U65CQE2, 39.95
B088CFRLQD, 124.11
B00AQ2BE4I, 26.58
B00AQ2E8LE, 37.25
B08MXGXRZY, 20.68
B08KGGTLKM, 35.74
B01HMZLR1G, 43.95
B085PKJ9PD, 19.47
B0BPT485DF, 57.34
B072FN8MYH, 16.08
B0001E3W8C, 16.10
B07KY927NT, 25.94
B00HS9U6RS, 38.49
B00HSA0KT6, 47.42
B0B3DWY9NV, 16.22
B01HU474NO, 48.33
B01MTIGJCV, 21.02
B084J3BGTW, 75.93
B0BTZXZP1H, 31.97
B00DE3XVEM, 17.77
B0CZ45GCJ8, 22.00
B0032TJFOS, 51.44
B004NDTPLA, 22.13
B08SJ34RGR, 32.10
B00LZT7EHM, 17.80
B008TD2LI4, 24.34
B00FX0I536, 25.28
B00FKVA9SM, 21.99
B0BNLPMJ4C, 55.13
B0BS72YSMB, 13.57
B00YN6ZIHC, 26.36
B08W56FL5Y, 39.22
B07FD8BK2D, 68.47
B00E1FUXRU, 21.94
B07KY92LB6, 23.83
B00BT0AYG0, 104.67
B000066JCX, 20.80
B09N3JGJKB, 22.42
B09QNTZL51, 13.77
B00GJUYRN6, 23.28
B001UJJG46, 15.50
B07MDJ9W46, 65.97
B0BYNXCJRC, 23.22
B009BS5AQQ, 17.94
B0CYTHKJNG, 40.04
B0019HKEV8, 24.19
B08LNQ6PG8, 32.66
B07VDQBYD2, 37.74
B007AG1V1Y, 41.24
B07NQ3PT72, 24.75
B0CF2V12Y3, 25.92
B07YNDHDPW, 32.21
B000BYRD6Y, 19.39
B09FTJM6ZN, 81.32
B0CRRH6V13, 18.38
B00J8JR9TY, 15.84
B0193821N8, 29.56
B09CGSTHRW, 15.79
B06XYNDG57, 18.78
B01BPFPCO2, 32.99
B09YMHF5FF, 16.50
B07ZZD3B28, 120.42
B0CCRDYSNS, 59.35
B07ZQVSLMT, 125.28
B07VXP31HZ, 70.37
B08M5RLF9C, 19.77
B0C1C7XY5X, 44.44
B00IU2TOIE, 46.94
B08JGYY8KN, 16.90
B0CH1J6RNC, 20.65
B07WRMFTF2, 28.55
B00WE7D4G4, 45.02
B0CCSJ8SV5, 24.07
B00DUZ3SNS, 15.02
B08W57HXX3, 78.30
B089QVW5C4, 38.16
B0BYZPXQD7, 27.02
B0BBRWHP5F, 23.43
B08JQVVKHW, 41.67
B07D6XDWRR, 45.65
B075DJQST1, 32.27
B0BNLMXCS3, 28.59
B001UQ6CXW, 30.37
B0888S8NQ8, 18.06
B09NTNMXL8, 15.85
B0B625G8XY, 14.03
B07S7W4TSX, 33.78
B084QXHHKZ, 85.05
B00HZPU14S, 15.14
B08TCDWQVS, 21.01
B086M57V71, 81.70
B088VVPL81, 31.91
B09ZHN9XHF, 20.66
B00DWSS1UI, 35.76
B09293YDGX, 14.92
B00531AOTS, 62.75
B07CT2XTVG, 21.09
B08FC3QDD2, 42.72
B07P936C7F, 109.58
B003VLHUD0, 19.34
B009VWD18Q, 20.93
B001UJE4XY, 60.45
B08Q43TBS3, 49.20
B00KEF8990, 23.23
B0C6MMXVL7, 69.08
B07RNGPQMR, 30.25
B08L5Q6K5T, 20.86
B009CJ9E6G, 24.74
B0BLZP48HY, 59.05
B00UC40X5Q, 16.49
B0C5M18121, 30.67
B081RXH5TQ, 30.83
B084SMJBD7, 16.22
B00KRDJGUU, 23.64
B07GSD13P4, 32.30
B01DXRXL2U, 38.37
B0014E3QZ2, 15.37
B07TLF6VQ7, 17.02
B06XBN11SK, 31.86
B086H3663B, 63.54
B000H2V8JS, 16.45
B00IL8PJ9K, 32.89
B000KBH8VS, 17.04
B07P6M89HV, 32.88
B09HDT5Y5B, 65.97
B07YY9KYZ6, 99.06
B08J6RNJ7R, 28.16
B014VWIUXQ, 20.36
B07J2SJLLC, 45.07
B0088UZZJK, 17.31
B07RWL55Q3, 21.66
B098K3VCHC, 50.41
B01B0YRL4M, 20.37
B000J6BT4Q, 24.10
B07D9DH7XM, 38.06
B0765C5SX5, 41.37
B0BG6NFJZ9, 24.85
B00I65HNOW, 26.90
B07KMPBHYW, 68.74
B0001E3RC8, 48.11
B085NQPC9B, 156.78
B085NR27K8, 167.62
B07BCCGZHF, 30.74
B00BW78O3K, 15.71
B098MCG1N1, 85.32
B09RQZLZ4S, 135.08
B0788C3NDV, 40.22
B00CUG8ESM, 50.24
B06WGKYTY6, 32.26
B07H1QTP47, 62.63
B0C6MHJN62, 172.68
B0BLJPKQGF, 21.21
B08GLZX94W, 28.92
B08G1VKRHV, 42.85
B081LJXYQ8, 23.52
B00HY96EW8, 19.72
B01M6TJO7K, 21.10
B0BGT2TW42, 21.99
B09SZRS8JK, 121.18
B011RW7YA8, 36.05
B00QGX3JFI, 20.89
B07QSJ26T2, 30.45
B00168BSL0, 32.95
B0C7L3W9WP, 30.22
B076KP83PY, 25.47
B072LY5CD9, 18.87
B00RTG01FM, 27.74
B07P7WXG82, 15.87
B00DO53Y74, 19.75
B089TNX9YT, 44.67
B00V8LFKP0, 50.81
B0CH39THQW, 22.22
B0924Y3FLP, 16.99
B0B5VBYNV3, 55.14
B0BSVBNLZS, 26.38
B0036WSD1C, 19.11
B09B1ZY6X5, 52.22
B002Z8J5GA, 19.07
B09DKN3S9J, 19.22
B09KS15KFV, 27.76
B09QV55L2V, 26.65
B09S3XW2M3, 15.57
B09YH9MM1J, 88.38
B00O887V9I, 25.77
B07K3BV4X6, 22.32
B07X3LMNQL, 21.99
786967811, 21.99
B0050BRX9K, 12.63
B00154CKB2, 32.71
B01G8JR3TM, 29.27
B000YJ3VTY, 16.26
B09MTPFJKY, 69.12
B07VSH3ML6, 65.44
B01ESOM55Q, 29.53
B0BLP5Q34L, 15.19
B0C7W9JG4B, 31.99
B0056IM1N0, 20.86
B08D49CC48, 22.03
B0CKR1G6LW, 37.77
B004I65GRO, 29.20
B00LEE6B72, 28.11
B086YCV2WY, 15.01
B07KYRFJYD, 55.83
B08R4VYRKB, 17.32
B00CSS16EQ, 21.90
B08KVVDY2D, 21.19
B07YBFFCXG, 20.06
B06Y1YYB25, 63.54
B007AK4M8O, 64.74
B001LF1KGG, 85.92
B0CH1JGXW5, 18.60
B0798KDKG6, 61.26
B08Y158335, 16.64
B078W4Q8JH, 121.06
B098BK7ZJT, 27.23
B0874CDSBH, 70.58
B008TLUXWW, 17.95
B0778XP85V, 74.24
B08634C8GH, 34.20
B08SQBDR3M, 81.32
B09SHTGVMH, 22.31
B08LP1WWPT, 34.91
B0BPC9PT5Q, 31.39
B00BJ1057W, 117.60
B00R6BO42G, 45.64
B07MNJ2313, 15.00
B0039U5V7K, 25.17
B0002CYPRU, 24.39
B01N4PTC1R, 34.78
B0BBRX4WN3, 39.68
B083YMH99L, 19.25
B0816PNS7J, 20.46
B07XMDL38J, 30.63
B00EAACO50, 28.50
B07BB8T88X, 121.86
B014GNJYFS, 34.05
B07ZHP5JQX, 33.54
B07GT7D1B2, 32.97
B0BGN12B21, 29.51
B0076Z72RQ, 147.95
B089M985G7, 120.06
B0011D6O0A, 141.23
B07MG5KR22, 35.29
B09SFZMB7Z, 16.49
B00JZJPM64, 18.55
B0183Q0ESU, 32.29
B01MU1HPWQ, 18.91
B00361V0RW, 53.94
B0BNYSKB3P, 104.51
B07X1ZF3WL, 25.53
B01GVGHT9Q, 20.81
B08SQLXKQG, 22.03
B0753KNGPX, 17.59
B01N6N75GY, 17.48
B014LBLQKG, 20.77
B09BCNXQJJ, 26.60
B073DFMXGF, 19.38
B003VPT17E, 21.82
B09GNDY144, 29.46
B0851KGF57, 115.60
B009R0CMNC, 24.23
B08DNNX7ML, 24.08
B0027WNBB4, 19.66
B073ZJ3L13, 60.02
B0BTLLXLLL, 43.63
B00QESFJ94, 57.60
B005OH73K4, 57.60
B09LZ6ZD3S, 43.99
B008OWB6V8, 16.23
B007L03UG8, 83.57
B08LZN7LFR, 22.78
B0B24JM89W, 49.49
B00LZPLRCE, 29.10
B0182PDL2I, 19.79
B00ZESSICK, 34.50
B07JPZTHYT, 17.35
B007BNGV9S, 25.27
B078K32BD3, 39.94
B075DN6Y3W, 18.23
B00IG46NL2, 69.21
B0C6ML9FMG, 44.56
B079ZY9FP8, 26.21
B09X1QFLY1, 18.61
B07DTHCW15, 21.67
B0C662SLZB, 40.25
B000KT7E6Y, 14.48
B09R3G5VL2, 14.29
B07BYFMWLS, 22.52
B07W6H8K7K, 52.22
B075RCN1J5, 84.32
B097JWGZ67, 26.24
B08NF67VWT, 37.28
B083JZKB24, 22.03
B086VJYCS4, 22.08
B0001E3T12, 23.28
B01FLJ6DO6, 65.43
B084CVNKYV, 30.29
B09MTF8QLP, 18.54
B077K8M9H5, 17.24
B08R7M7KBF, 22.89
B007WVHRGU, 17.05
B07YYBFQG9, 86.04
B089HFR9CX, 78.58
B00JFOF5BQ, 140.88
B0CP8BY7VL, 97.48
B00WN3CF2I, 19.79
B00DYU1P1Q, 26.34
B08DCH6136, 21.35
B07PKQ9N57, 15.40
B07Y5DRS5G, 18.43
B01H73UPXE, 27.79
B015XVB1WQ, 25.56
B0006D34OK, 20.16
B07W6J6CNK, 45.79
B01GCGUTFG, 21.43
B076JMFYWT, 19.24
B0B7134QKY, 15.32
B08H5HN6NS, 29.11
B09S3VVHC2, 14.60
B00EYXKTDM, 55.17
B07RMNXHXW, 34.27
B08B6G8PKZ, 19.80
B0CDPZQM77, 17.52
B08B87M3HP, 13.49
B000VJZPNC, 24.69
B09B9YD6YR, 19.28
B095PZRWB1, 17.00
B08JQVRV85, 50.84
B00LUZCOHG, 16.49
B095Q1YCR3, 17.00
B000VJU0S2, 24.49
B007H986JE, 38.16
B09TBHPHJ1, 23.20
B0C6MZR9NJ, 14.40
B00EXW1E3S, 55.18
B002U5FYS6, 30.23
B002U5BV6U, 29.63
B09QH28BXY, 16.46
B08BTD98YJ, 19.62
B002WTJW0Q, 41.80
B01AUYLVU8, 29.70
B06Y45M5SV, 56.64
B06Y46SYKY, 46.68
B000WFCFYW, 16.45
B08XW4Q22L, 30.38
B007VG4VE2, 15.84
B09PNKPWT6, 24.52
B0BDS9YN6D, 19.82
B07656DFSK, 25.82
B08Y983TMJ, 18.68
B0BFR1G7YN, 16.16
B07RWM718K, 57.79
B082YD1C4S, 55.50
B007KIVDLK, 21.97
B013MC8F5Y, 30.06
B09XRC3BMK, 19.78
B09XR91B7N, 18.77
B0933F5T9H, 15.21
B001982EI8, 20.70
B08W8LDK9C, 40.39
B00ZQG6MGO, 25.77
B01MECSOFB, 25.77
B06W9LSS3V, 31.17
B08557LZMM, 96.62
B0BPC3HPD7, 61.54
B07KMNWQLQ, 76.92
B07MG7Y4CB, 23.34
B0816QJW3W, 46.75
B00LC6A9YI, 19.80
B01FK7COBK, 26.04
B0091R1YZ8, 23.03
B07YYNS289, 128.16
B00YS1238O, 34.42
B09G3XYY8F, 128.28
B07VXP6LX8, 54.18
B093L73614, 18.05
B081HSJ2VL, 16.79
B06VW5K7Q1, 59.81
B08JQX7KS9, 43.04
B07FPXD5P6, 16.53
B000GQ7858, 14.39
B07N525974, 19.64
B097C5RJG9, 65.80
B0011UC1U0, 32.95
B07RZVB7M7, 112.55
B01NGTYN59, 53.83
B09TV879FD, 47.85
B07CDYNMW1, 64.35
B00U1GBAK2, 14.51
B0039KQT5S, 18.70
B005PX7C6W, 34.21
B07VP4GL79, 60.68
B084ZJQMGM, 52.11
B00MCAA1DC, 35.77
B093LPX4G1, 20.17
B0B9RXDPPN, 34.64
B08KY99GPL, 174.59
B01JRZTAUO, 72.47
B0B3JTWF5M, 81.35
B0BSXC9P6J, 31.22
B00W137ZPM, 20.89
B08F4Y4L36, 35.27
B07ZLMNRZX, 16.50
B0BNBQSKSN, 85.88
B07B7XWJZ6, 15.12
786967544, 22.47
B07F6ZXNXK, 43.73
B07XYNLWC1, 19.71
B09DLLD4VZ, 20.60
B08HS1XJDT, 39.17
B009PJHPXC, 16.97
B07WZPNLB2, 26.71
B0B4VCHNKT, 43.70
B08KSF2FT6, 33.76
B00FAMADXW, 20.68
B07F411JQ4, 19.12
B004GNFCK0, 76.11
B08H7W2Y56, 16.58
B000HZA918, 57.93
B0756DL3GT, 19.20
B01N49PPSL, 15.33
B00BIZ87WO, 23.41
B0BHNS6SXH, 42.45
B09SLTTZG6, 23.81
B00N9BOOZ4, 29.16
B00IE73YP4, 19.29
B009A48WTI, 19.23
B0BV6SZK6Q, 112.63
B00MCSW8X0, 14.85
B073ZG6J9N, 16.56
B073ZDGXYV, 27.49
B0BT56CP5G, 18.69
B07KQQF6DZ, 14.75
B0B1V2J84S, 22.33
B00EJRGZ0E, 18.39
B08DHZ7KWR, 24.83
B06XC29B5G, 60.73
B0C822LTDJ, 27.23
B07WCCK6BC, 25.82
B0CRR59MD7, 18.88
B001H1JD7C, 23.67
B0B625QG84, 18.66
B01FS6H5TO, 70.06
B000C1W0UK, 14.53
B003AY949G, 24.02
B01GD8OMBA, 18.40
B0999HQXJF, 57.95
B07CB4VZY5, 127.62
B001R7A3T8, 28.55
B0837H1TCV, 53.46
B00F328AFW, 25.21
B099XN5YBB, 58.62
B077Y93YX1, 24.43
B07KMPCHBV, 63.25
B000ODSIR0, 27.37
B09XFCH41G, 14.83
B007AGQF7E, 47.22
B0C5DZKL25, 14.98
B0C662G6CD, 38.91
B000KJRE00, 14.65
B0BWKFSTL5, 50.44
B00G44JQPQ, 35.15
B072C2R1S2, 29.76
B07XSJLYR2, 17.24
B075FW8W3R, 22.36
B092343CZ9, 35.06
B0BW14LTLX, 129.70
B0CTTGG3M2, 31.77
B08VDPK8MC, 29.73
B003TKY8ZG, 89.12
B08DHY6CVD, 107.09
B084BHSWT4, 52.61
B008M11XOG, 60.85
B0B3RWF21F, 26.94
B07N7T9HXF, 27.49
B004MKNBSW, 94.56
B0846PVYHQ, 38.55
B0CFWMZQ3Y, 32.33
B06VXZN136, 15.61
B0859RDSTH, 28.83
B07GKXD3F6, 31.82
B0CYPWV1G4, 71.98
B0774V8D7X, 19.44
B07FQC12RS, 16.56
B007H984Y6, 21.58
B078WXXWD5, 14.13
B07NPCCCWY, 19.08
B07J2T186D, 19.79
B015YP7AXK, 68.77
B084TRB13D, 56.57
B00VQROQ3I, 18.90
B09N9LDXSC, 138.15
B000KTB1Q8, 47.03
B09N7CLFKY, 34.15
B00008K61N, 54.22
B003X2A8UY, 50.01
B09NNWTVJG, 54.88
B06XGY3XVG, 21.46
B0CK8P3SRG, 39.59
B0BGY52ZF4, 65.29
B074XK2D8W, 51.21
B019INRKVQ, 21.15
B0765427JQ, 22.03
B0CSKH1NJF, 76.09
B07NQ23493, 79.21
B01N7V7PFI, 16.54
B00121A82G, 38.97
B0767TD523, 30.24
B00CJKT1FO, 21.44
B07NQ9VGXD, 60.79
B0928LVQH7, 23.81
B01D17K6RU, 105.11
B0CQJSMJ3J, 29.02
B08PVYVHMJ, 28.99
B001UNCGJY, 26.17
B09SQQL36M, 22.04
B0B2X3RSN8, 19.18
B07D594C5K, 19.85
B0CQPN4ZT3, 60.86
B098JKW9PD, 71.38
B0971J8C27, 15.27
B01NCXCY4L, 19.77
B00BEQ3VMS, 84.43
B07JRCP5KP, 17.84
B0842P2JFD, 108.89
B07CKXHBM4, 96.75
B0853SS8N3, 48.81
B001P4WGRU, 76.66
B0741FPDWZ, 60.17
B0083G0POY, 30.79
B07YP1L8P5, 14.40
B0BW8N3SCF, 66.91
B08L6HGGDR, 46.15
B07GFPR2FW, 28.60
B07W7N2WFB, 53.37
B08433QXV2, 21.97
B000R5PFJE, 21.99
B0CRXSZ143, 22.50
B078WF9JBL, 52.02
B084728GQY, 28.12
B08H55HBBG, 40.99
B07YSST7W9, 32.27
B08RJ1L7D6, 16.50
B08LDQWV3S, 42.29
B0BBRTW1T1, 17.57
B016ZPORIE, 98.45
B0BX99FWTY, 28.00
B005S0PV0Q, 32.03
B077YD7N2D, 16.04
B079TYM3F1, 15.22
B004HYDOH6, 45.85
B08BKPQQDD, 49.64
B0BH7Q253J, 32.17
B09QG2V2XZ, 83.24
B00007B8OX, 19.03
B00CTFTG2C, 94.33
B000NI6QW0, 42.93
B07W5JKR75, 17.80
B00HX70IIM, 57.30
B073HFT4BD, 18.99
B00KQXGYVK, 19.92
B09WF5T9Z7, 21.97
B0BVL125WS, 100.29
B08B38K3ZS, 20.82
B0029FW53E, 14.80
B00DUCW9AE, 23.32
B09W2VHX6H, 36.68
B015CGWHG6, 27.49
B0B2K8BG4M, 37.96
B0BJ2M74B1, 19.39
B003BQ1QUI, 18.24
B09LMQ3ZW8, 68.35
B0CKX624M6, 67.84
B01LZJ41VJ, 35.47
B001HGP1TQ, 16.89
B075RBZKMK, 36.27
B000VD1ICK, 26.46
B01N5R4SDC, 40.64
B09T73DNXY, 89.45
B07MVPRSHZ, 107.11
B002TLW4W0, 13.80
B0BT1RCBPV, 19.24
B07Y3JXGPL, 159.39
B0747SWMNV, 17.75
B002OELJ0U, 69.05
B07SRGC4ZW, 46.72
B0B85PSMK5, 16.49
B07N7LHJ6V, 171.71
B00K68JWQO, 19.43
B000KIPT30, 15.95
B0BB2DDQHF, 38.27
B0B31PW4SZ, 18.98
B0B34MD9SP, 41.57
B0BPF2QT8Z, 37.66
B08DQSWQB3, 47.18
B09VH5QBYT, 15.90
B08KCVM4KF, 14.84
B014A1Z92I, 21.71
B09R72QL6D, 17.60
B001SY4TOU, 21.98
B0052DVYF0, 35.74
B0009QX1S8, 21.44
B09Z6XT5RH, 79.34
B0027IRL2I, 14.79
B0B7SJHRVF, 95.11
B08CCC8R5G, 18.66
B09HCPMKBF, 85.07
B09QLGY9XB, 27.25
B0BHJGDQNB, 17.21
B01LW1IOMW, 132.90
B0BWYWFXGS, 23.96
B0BN36F24H, 29.25
B00UCGPXG8, 24.78
B086QK964C, 19.09
B001GU1F34, 16.02
B0BT7Q8R2D, 105.31
B000295Y3C, 19.12
B01ADW3TYS, 20.72
B01L31KAGI, 19.22
B01NAJML3H, 18.78
B078FBC5M3, 17.35
B005L8YUF2, 18.98
B00601JWCK, 42.54
B00FY2OJTM, 23.61
B06WGTYDFN, 16.29
B097MXGJV5, 15.75
B00IIPNQFK, 36.52
B08XC3ZLRN, 28.12
B01N39Q2V6, 22.45
B0BSX9MWBN, 49.46
B0BNC8RXH1, 20.37
B007AUPTEA, 18.14
B07SL6V9TK, 99.00
B00IXS2TKK, 43.44
786965614, 22.03
B09CQBMS8Q, 25.32
B08FMWW5V7, 22.84
B01BYKAT6O, 28.20
B0B7NMT8M8, 16.49
B078GXNF26, 23.43
B08CY3HC5R, 54.79
B09FBVC527, 88.41
B0CGF9J3D9, 76.94
B08HR61Z3D, 82.84
B0CGF9F76W, 51.00
B08N1LPB3V, 80.40
B082WYB7YX, 25.31
B08THGRW93, 38.83
B00G59DYI0, 34.42
B004YIU5P4, 32.78
B0BB7DJCLM, 18.14
B09446293Y, 16.45
B09MD8DBY6, 46.74
B0B7K88MBF, 60.67
B09BNKF5H5, 81.35
B0B7KCK2YV, 50.79
B0B7KBJQJG, 46.33
B00M0HMYIW, 26.99
B09HL69NY8, 38.60
B000094G33, 18.14
B07N7V3B8C, 26.71
B0BV288KNZ, 31.97
B0CCSD8WXC, 31.89
B07TC4DGCM, 13.74
B0BBR1XQF1, 13.73
B06X3RGYFH, 23.20
B07DG3PQY2, 18.94
B09CT39KZG, 19.24
B0CVHDXBT8, 21.85
B00SYFIPJ6, 23.36
B007H4B4H0, 33.69
B003F0WKDM, 31.86
B08NPY76NG, 37.71
B07VWRDQKD, 47.87
B0074ONYLW, 16.19
B0BT1F3BV2, 35.90
B077T75NGC, 23.15
B075KXXD3G, 49.46
B098X67TLW, 15.21
B01LWLJ3OD, 19.06
B082YF53ZC, 31.50
B07GTTH1TC, 43.53
B01N9PN0NN, 18.95
B0CL4HM68R, 20.84
B00UBMOBN4, 58.43
B0CL4GVSF9, 21.18
B083ZTQYTW, 20.32
B005DZ4814, 16.52
B0CL4G7CYD, 21.02
B0BF9VWWPC, 21.94
B01B7HW11K, 27.41
B000ILEH64, 26.48
B00MOIG726, 17.92
B07BLMQB7M, 14.61
B073ZL4Y7F, 41.61
B073ZMK8DZ, 40.40
B07X7VRG7H, 30.40
B07GL8T8VJ, 58.06
B07GJY9KH9, 35.49
B08KGG4BTW, 63.17
B08KGD7F9W, 30.76
B013219MXO, 31.08
B01NCS45TV, 22.65
B01LFANFVY, 19.76
B06XXNXPD9, 19.23
B003X26VS2, 24.74
B084869TW9, 15.39
B08L9N8KRB, 22.47
B000A14RHG, 19.78
B07KXHHMLW, 20.62
B000IYEMYI, 22.30
B00476TT5K, 17.33
B0BLQLRHY6, 32.60
B09D9HBKFJ, 21.99
B005KOSZM6, 21.76
B098TJ8YCW, 20.38
B00IN58R68, 23.34
B0053TDDEI, 19.35
B0084YC85E, 27.56
B08TMYPLT4, 16.32
B08TMPWH1N, 15.91
B0BSH6RFXW, 17.63
B08TLRJHZ4, 18.45
B00314M3U2, 15.94
B07HRYK1G1, 26.94
B08BCR9JRK, 14.12
B09X25GT3S, 14.14
B0BSH5FNRY, 14.26
B0CNTWPSMD, 15.62
B0BL3ZJF5B, 20.58
B077FD9M8X, 16.54
B00EZML6HU, 14.33
B0845DNMGR, 98.42
B0CBPRSDQK, 28.81
B07C1SBHTF, 76.45
B07T3TNJ9L, 27.53
B07BHWJ833, 27.62
B01E3PJINC, 18.35
B07DQV938Q, 17.69
B07JJDYDZP, 17.59
B01H6Y85SG, 15.29
B07RJJJSSF, 14.50
B0009GX192, 20.62
B009IQAM96, 12.64
B087SCGJQ6, 103.89
B0C8YR9595, 17.56
B07LCLPM2J, 29.25
B0CSJVBYSD, 15.64
B07RZWGPWC, 17.46
B00KCL8ZZO, 21.98
786967463, 21.82
B08J4Y2XSM, 27.56
B00OB7PYUO, 100.44
B07YNBNB9C, 68.39
B07TRG2Y57, 18.67
B01N2R5GUJ, 19.23
B07TRV5RM4, 18.07
B007PR414W, 39.41
B07YNB44CM, 34.52
B0CH8QQ9DT, 28.70
B0B24S21ZJ, 53.53
B001G60VFQ, 26.03
B07PZS52BD, 15.39
B00IXL998C, 25.66
B0B4SS2DNS, 158.19
B010LMJ28W, 18.69
B0CBRTBSNV, 60.28
B07G46G7FP, 72.08
B0BQCMTD1M, 51.59
B01M3WPLZX, 22.33
B08BVXLSKR, 20.40
B07TWRY54R, 20.89
B01JAAODRG, 18.16
B06WGMT41P, 18.87
B09TYX13F2, 55.17
B075X11R6Z, 18.11
B06Y13QBYL, 44.51
B01IQS8UHC, 137.45
B0CHFDY5N4, 27.65
B000BCC0LO, 17.51
B07KQQV2TS, 19.77
B0CXQ7L1DY, 27.23
B0822KCZ9N, 21.99
B00BARO6U2, 19.75
B0C36MFHS6, 24.10
B002X78AXW, 24.61
B07PJCTDVZ, 20.74
B07RZVBRN6, 89.81
B07H2DR6Q9, 24.82
B097PZT9D4, 53.60
B09686D4X5, 18.29
B07KPLHVKV, 22.50
B00LI4O9EA, 16.45
B004QE9S54, 24.74
B093CCJ7RC, 50.60
B0030FCNBQ, 16.76
B0BTPGCJXG, 30.29
B09VCJN7HZ, 37.50
B089MBBR7D, 73.96
B086G52SLZ, 35.74
B01075JA9Y, 31.39
B097CX7TW5, 15.94
B00URURFE2, 21.97
B0BV25ZGP6, 27.46
B07YND4Z5Y, 32.51
B07DPLHGXJ, 23.43
B09YS4KP6W, 98.46
B00URUR7XG, 18.66
B0CGF81Z8Z, 186.01
B08YZ42GQR, 47.60
B0CBVTZM9S, 75.19
B07W4ZM9CQ, 17.69
B01N1PKF52, 31.89
B087CN5LR7, 17.60
B0837F2T9V, 14.88
B0BBH7HLLQ, 44.46
B0C24PXWCM, 77.82
B01D00PCU4, 15.24
B0B8YXFP17, 17.50
B09T3LRS59, 13.71
B09V1KJ3J4, 86.84
B08RP9QNYD, 19.44
B074GG2SX7, 44.37
B09N2C8V7J, 35.51
B017EC8BES, 20.35
B0CJJG1LVJ, 34.24
B002DQTAMI, 18.67
B08P6T3K3S, 42.11
B08P6YNT5C, 37.05
B008OWYSRC, 35.64
B08ZYTBVXJ, 86.63
B09K99R77S, 27.72
B07B7VSM88, 60.54
B08144LMPZ, 19.93
B07MFBCCQG, 117.03
B0B5ZRBNVL, 35.11
B086W418LM, 33.08
B00AB24M4C, 16.44
B0CK7G1BTZ, 35.23
B06Y2C3X9X, 62.39
B01H6KXGDO, 38.38
B07FNN147J, 20.83
B0843Y9NF1, 13.84
B079DF3ZZJ, 32.10
B0B21RNZM2, 37.11
B0BC21C7PV, 54.04
B0BXL5XCXF, 21.99
B00HPW2RY8, 16.10
B0CP88F5G4, 151.48
B006QIPMQM, 20.70
B00LI3Y6TE, 17.59
B002P8JAM4, 35.03
B0BS3ZHTZW, 49.49
B00RJH92RY, 17.57
B08L65GL6C, 22.73
B000NDB93Q, 42.88
B00384YBE6, 54.15
B0002YYMEO, 14.50
B00ISWYHHO, 50.79
B000SKLEG6, 15.08
B016WFYCAK, 23.57
B00R8CS5H8, 69.18
B00BP0SSAS, 24.70
B01HHV3ZRY, 15.10
B07TC5QSYX, 16.45
B07XH4S8W3, 31.01
B000CRF7M2, 27.21
B086DST1XY, 18.54
B01MG27MVX, 24.52
B07SVMGP4C, 21.86
B0CR1WWSGN, 56.95
B0716ZNRR8, 46.90
B007258COC, 48.54
B09TPFMZJT, 13.22
B08MV7K1CK, 27.94
B082WXJVDF, 31.70
B0BBRZ7X66, 20.34
B0CSPNCGL2, 88.63
B075B6ZN56, 17.85
B07XQ3T9K5, 34.09
B07XQ3XPJ1, 35.81
B091T8HKBJ, 55.50
B073J1GX7Y, 23.78
B079HPJSL9, 18.78
B00G66VIOY, 15.41
B0BT27B1SC, 55.20
B0BPC5SHZ5, 14.28
B0CYPVNX8G, 71.87
B0CLGW2L7Y, 32.48
B07NC8BK2W, 17.54
B0C4FPXPLW, 37.84
B07FXX2ZHR, 52.59
B0BW8PQJXF, 57.51
B08XZQV3N6, 17.70
B07JJ76PFM, 44.90
B00MOIS17A, 49.47
B0895RC7QT, 16.07
B07N6MJT14, 14.40
B0002YYL36, 41.31
B07SPGQLD6, 91.50
B089B51DGX, 63.21
B0BF5CZBJQ, 82.12
B07BBSTGS9, 65.19
B0CNTVCWLL, 25.17
B07D4VXLF1, 24.74
B00WCDGLLU, 27.43
B09R4C5Z52, 144.52
B00BD0ZWB8, 21.62
B01BPF4KI6, 22.10
B07FP2V2T9, 14.82
B004GBUS2Y, 75.96
B0741FDDZX, 76.19
B00N3P44OM, 19.57
886293193X, 14.70
B07S1XTYMC, 110.33
B00AABNX6W, 17.50
B08BYJPWH9, 17.01
B01BU0I3W0, 47.06
B0B21QMTJR, 39.20
B00J3XMMC4, 27.29
B0C3MMYHC7, 105.78
B00KGT542Y, 74.86
B08JQDWQ17, 15.05
B06Y5VGNZX, 15.45
B00V5U7OEE, 39.07
B0B34MSZRC, 42.39
B07FMGQRLF, 23.50
B01ARYJCG6, 48.54
B000KPQ00Y, 34.95
B0C7D2LN99, 16.44
B08H8W1D3F, 15.72
B018E0L0PG, 18.89
B0B2PRRF7V, 92.42
B0CTMLR6ZL, 21.99
B00BMNOVRM, 26.85
B082PK6G5W, 23.13
B004VV4QMM, 18.44
B07KX1JYKD, 32.44
B0012BI8TG, 23.09
B00921Q5J8, 38.60
B00BTG6Z3K, 15.02
B078J45RB4, 16.65
B01BPL4D6E, 57.67
B003APXJGE, 102.13
B0CHRW1KN2, 75.17
B002AK97JS, 23.20
B09Z6SXFSN, 20.37
B0B754R426, 69.97
B00LHUPP3O, 17.09
B00T4FV6OG, 22.17
B000T21JFE, 23.46
B006SYHCI0, 55.16
B009QZIKMU, 37.70
B006PG6VHE, 28.55
B007MO361C, 28.00
B00GE9SJ04, 45.62
B097F1YZ7Z, 27.96
B009HUFDO2, 41.78
B0B4SJK5Z8, 104.20
B09Z2RDCK9, 101.79
B009ZDYHY8, 21.44
B0BBR4143S, 18.43
B00BQU1IAY, 56.48
B0BZCKH9Q1, 22.18
B073P9L81C, 43.33
3833818638, 17.60
B01MQXPZ5R, 171.90
B0BDXQ61Z9, 86.96
B07NDVJVSS, 15.72
B00146730Y, 19.49
B08VDWSHFL, 14.76
B0036TYWOM, 25.87
B07MLXQ93B, 15.76
B00NREE7O6, 44.20
B0BDFWVL82, 115.68
B00VSLGHOI, 21.64
B08H5Q9XSW, 29.02
B00YMHJAOO, 33.01
B0B21T3XNT, 83.83
B06Y2HDR3G, 40.14
B08VS1FCZS, 148.01
B09S3XCM7T, 15.93
B0788C1J5G, 15.92
B01MSSJ32J, 83.58
B088HG887W, 27.64
B08YRT9T38, 87.93
B0BQ3VP78M, 38.49
B00WW83F4Q, 116.63
B0B21NG2XW, 77.31
B008C1BSZ0, 34.19
B00AZL4TH4, 37.88
B09ZHY29LK, 81.31
B07XFP21FZ, 47.44
B001UERXOQ, 20.80
B002PYSVWS, 25.70
B097Q1MQSC, 43.75
B099KQ5WDW, 21.27
B01J6DL2O4, 14.49
B08KGLTV1D, 21.64
B01N6UB1RY, 31.44
B08382WMWX, 20.12
B071XCBZ3T, 29.85
B06XZQF6LC, 27.78
B0CQPLGTRV, 138.68
B086MR9XR8, 120.99
B004Q0R85U, 22.71
B0CKFNL4Y9, 36.01
B0BVW9V5L6, 20.20
B0017VDYGI, 32.93
B016UPQXEK, 32.97
B00AMXG4Q4, 37.95
B0BVG8X4MQ, 57.74
B097PZDPPH, 30.45
B08V1L1WYD, 159.13
B07NNRYD4G, 14.68
B08MV5N3J2, 41.30
B0CLCQQY1M, 60.21
B07CF7F222, 22.96
786968117, 21.99
B07FY8M74P, 36.28
B000KJP8NU, 34.13
B0C8ZSM1W2, 180.48
B0BQNDGJRV, 43.45
B075QDV9Q6, 33.52
B0BG5RSD18, 185.09
B004KVSC50, 15.39
B09D3T3DW4, 51.14
B009PMLFE4, 17.45
B089STQ6TF, 28.60
B0757MTQNL, 24.84
B08Y1RWDQG, 26.77
B07MXG5XZ4, 28.72
B0B2X1KDDY, 119.55
B07GCHTZ3B, 27.98
B01IWPZEVE, 15.68
B088S153L3, 126.08
B08B4V583Q, 70.42
B07PGGR2MH, 62.65
B0CH3BD6LR, 24.74
B07X92XXT9, 14.35
B00IMF1CCU, 35.57
B001MZUYZI, 31.27
B007RHU1PS, 75.66
B002SV7HNC, 23.17
B0744RX8QC, 40.03
B01D63TZWQ, 17.55
B01N7KWCAE, 27.32
B07953445R, 18.74
B0BY6X4C2C, 78.12
B0001M0H78, 18.31
B07P4CCJYH, 23.06
B001TOEMYQ, 17.63
B0002HZQLE, 24.18
B09S62RZQS, 16.46
B089W9SD76, 32.18
B00186DT26, 13.48
B09J86R9PD, 14.29
B01LW4PWBP, 15.02
B002CWUZMC, 25.91
B00ECYCTHW, 18.11
B09ZJ6SDMB, 26.58
B000NI7RRS, 40.79
B00I8C4GUC, 30.14
B07W9LRB2J, 70.36
B000KT8X50, 23.99
B01D5N9EQE, 33.31
B00AWLZMPU, 15.88
B081HSV5MD, 14.26
B099X3B698, 27.47
B0CM6M9K4H, 18.06
B01MQUQTBR, 48.83
B07KWFMD91, 15.94
B005DX7IHW, 16.91
B002SHNROO, 27.85
B087XPZQX4, 131.99
B09MDGKQLY, 42.44
B07HN1451R, 20.79
B07N217GY9, 16.49
B00RIB399I, 20.07
B095749V5V, 53.09
B007QTDD66, 20.87
B0BSNZBCZR, 22.07
B089LSTV2Q, 65.03
B084BTQBW4, 19.41
B000N4QRBY, 16.93
B077TWR9D8, 14.28
B0C6M9BSDC, 23.31
B0759QMF85, 14.18
B07MH6TBBN, 18.25
B000VD1QQI, 93.45
B08JR1GYX4, 19.13
B0B5L9MWQJ, 64.58
B0089JMELM, 23.40
B01MYSQLQF, 100.05
B0C6B3147Z, 153.54
B09416FN8X, 40.74
B00MZQU4KI, 19.14
B084NV7TS4, 25.17
B01MA51RPN, 77.04
B07HKDC245, 20.78
B07PGHR3SR, 19.46
B006WZNIT2, 33.03
B0BPYTR6J5, 65.77
B01N7AE32J, 13.53
B0BJL7Q3SR, 170.66
B000UNRNJ8, 16.53
B093X2D4ZM, 65.51
B01CJNABYA, 17.52
B006T0BP7M, 31.37
B095X94JXF, 18.00
B09KS5K81L, 21.90
B08HT4RLFF, 55.84
B07X3X9ZCD, 20.01
B0B1JDMZZ1, 21.96
B09TXZYCPC, 132.02
B0014DOP9O, 24.25
B078GZR6VH, 19.99
B08T9X8PRW, 22.00
B00BN6QAVI, 14.31
B0BXP8LCND, 31.23
B0999KZTR5, 21.96
B0BXTC5WJS, 103.60
B000ZKES0S, 42.43
B075RPJ458, 52.07
B0B3RVYGZ6, 34.09
B084HDLJ2Q, 21.84
B0822Y66H5, 31.52
B003ZDSQXC, 26.00
B00MOIG9HO, 65.87
B06XCMWW9H, 58.18
B0191VIANM, 15.22
B0C8814GKB, 114.11
B009VHWS1M, 19.20
B06Y63Q2T4, 25.29
B073P7DY7Q, 24.74
B08T1HMPXF, 42.92
B08MQX4FJM, 25.11
B082TGWCG7, 59.19
B09NZHBX3V, 28.30
B0B1VGVBY9, 160.30
B07JVC7H9S, 19.24
B07W945FGQ, 22.86
B08L9TLPJV, 36.25
B000092KTO, 15.39
B0BTM7Z2NM, 16.45
B08BP492JW, 19.44
B00BQUSZYG, 104.52
B07XFQ8HM2, 49.52
B003H0KXUM, 14.84
B01MFBXCAN, 22.75
B07KMK2ZBX, 65.22
B0001E3QFQ, 27.45
B07RXJMZQV, 18.58
B00NIOA2V2, 34.04
B094W6PWFD, 15.61
B08LNQ9VZC, 54.00
B09RMNZF1L, 50.55
B0BFBFYL8W, 82.45
B00I2L3QKK, 73.51
B01NC2S2BD, 41.15
B003TV4Q7U, 75.21
B07MCJVL1M, 34.10
B06XCPGFP3, 37.38
B00402JUBE, 96.22
B0B9YQFNM2, 43.09
B0778DVGMR, 66.19
B09HS4NYQ1, 35.05
B08CKVYBZN, 47.49
B0BRT95SYS, 16.49
B0BPHCPSCM, 131.54
B09HMK5VM3, 94.11
B00114UDC4, 33.49
B00KPPXJN0, 132.69
B0859S832B, 100.07
B07GWXMXKD, 40.68
B0BL79CJ1J, 55.84
B07V5Q2PWZ, 28.84
B07T8DS7PD, 84.79
B08DHZB3YF, 39.37
B007WAYQCO, 55.78
B07R7W5Y44, 37.37
B07574FZJL, 37.15
B08TT8H4ZH, 18.64
B083YCTQQB, 37.84
B0C6F9KNDR, 98.00
B000TAR072, 15.52
B015TKSSB8, 190.82
B00I1GTHZE, 15.85
B07PBN67YJ, 27.95
B000WCFZN8, 21.45
B0BXRGVQCJ, 18.73
B00YUWGV5W, 29.53
B08442VNJF, 25.39
B0CKJBSLQF, 17.83
B000R5I7G2, 34.97
B08XD62V41, 108.26
B075WFF94F, 14.80
B00NHOAFMO, 48.51
B079545T4H, 24.89
B08NDH9NXN, 48.92
B00JOBFVMI, 69.28
B008YAATF4, 19.24
B092333LDN, 26.50
B0CQJSFRPR, 122.57
B078VDPT55, 16.49
B001TJUMCC, 34.58
B08382K2MN, 30.48
B071YG57T4, 31.66
B001O2S9RY, 19.13
B072KKVCWM, 108.00
B09BNX92Q2, 37.19
B07S9YQWLG, 17.63
B06XCVMHPL, 14.82
B078YGPXFQ, 41.89
B01N1GRPH5, 19.04
B083MNQHJD, 19.36
B004KU836Y, 22.50
B07Y6P47RL, 24.95
B07B9HPGPL, 77.42
B01BH4GY98, 58.39
B0B29FLLW6, 45.18
B002ST9BRO, 18.94
B07NDCV4MV, 14.84
B09GYMHKG9, 54.41
B003V8BOMG, 26.08
B00VOCOV9E, 35.07
B018GJWTOG, 21.99
B00AMXGX56, 43.45
B0853RF6BH, 19.22
B08565DP6C, 16.49
B00B8CN1Y6, 19.79
B000LQW772, 17.41
B079TTBYRB, 63.83
B08ZFV8MVL, 17.68
B07BVVRZCL, 78.90
B00ASF69FC, 54.02
B0866B3GPT, 18.68
B0BQJWNR7H, 14.69
B07J5V97ND, 47.20
B01ALRP254, 153.99
B07TYJ7B68, 46.64
B07TBV89LK, 43.84
B06ZZV3QHL, 58.46
B077ZG9F58, 61.19
B001OO4DHW, 49.49
B0B1JJDSWV, 18.87
786966831, 15.33
B003LHS7KY, 32.90
B082FKLNWM, 59.81
B0883Q7N4Z, 18.14
B08R7HV137, 16.87
B0017LNK94, 16.25
B015Q9J8ZM, 17.18
B0CJ9GV22S, 19.37
B08S7MYYL7, 61.36
B019INXENE, 23.50
B08QN4NPRH, 49.49
B0BNYR5YFK, 149.33
B00475BI96, 68.78
B08H57T794, 14.95
B07H9ZH1L7, 66.99
B0CDP6518S, 24.43
B013WMM21C, 23.22
B00004T1C8, 18.46
B000RZHU9C, 49.36
B075X11R6H, 30.85
B00BPQY4DW, 20.35
B0BJW1G7VN, 74.60
B08LNX3SDN, 38.67
B095PT26GL, 86.47
B01EHZT6NU, 22.99
B08YZ5LNDV, 19.84
B000P0IDZE, 16.38
B000SJVJGC, 17.19
B019VL545Y, 23.45
B09K491SCC, 35.15
B08LHD95WY, 16.49
B0029WI1AS, 16.49
B079FYSZF2, 69.14
B000P0N1EW, 25.28
B00284AKJC, 15.97
B084KCM3K4, 24.32
B01KZ0WHT6, 15.61
B078N9X7QL, 38.82
B07CY3SVNX, 18.65
B00V3G91L4, 31.87
B001SEQRCM, 15.85
B0B6VKDLYF, 52.30
B0992C8JYJ, 22.41
B0716S9LBG, 51.67
B01M8EWEEI, 35.78
B0743SQDYZ, 32.13
B08B44LBLK, 17.26
B00L9N64SY, 20.82
B09VLJ2PPR, 19.51
B00ICF0QTA, 21.53
B09RFHH6GR, 24.83
B003KHLKF4, 17.00
B07DLFXX7C, 137.75
B09294QMGH, 50.51
B091NGDD6P, 36.16
B08PDJMHHW, 15.65
B07BFQ8Z92, 45.57
B0BXP928HP, 15.93
B00BD9OYOU, 20.20
B081DH7N4D, 50.05
B000PTRH7A, 15.61
B084N1199N, 18.20
B0BTDGZB6M, 76.22
B0BGPKSQCZ, 21.97
B08XF69227, 29.66
B0B21Q5VGH, 40.26
B0B29QL9SK, 21.99
B000ONNCNA, 16.76
B08JQZ2TZC, 43.05
B0BS3H5SHL, 65.99
B07JBKTNQ6, 80.42
B00UST658E, 19.37
B0BQJTYNZC, 18.07
B085D7MF2Z, 25.55
B001S2R5IE, 20.39
B07TPPWK6F, 30.39
B08145422Z, 21.39
B007HMO9QA, 17.05
B07H8CZHH8, 28.91
B013SJOKC8, 15.38
B00KXOYW6G, 49.97
B0018LJLTQ, 49.89
B07L9RTBH8, 19.64
B01MS6U6TT, 24.28
B07PN6X5R8, 32.99
B09DFQ59XP, 18.80
B001O51JCS, 20.97
B08B3T2ZFT, 21.40
B083CDWJX9, 18.59
B09S6PJMC9, 31.94
B08HV3GXCX, 30.98
B0009QX1GA, 14.16
B0CQLJDGVN, 26.69
B0BRQX7NR5, 16.85
B01HMI8ZPY, 39.70
B01M0FU0NG, 23.41
B0C8YR5YQ5, 37.59
B0155GEROI, 17.41
B001HUA7N2, 19.11
B01B0GCHJY, 14.80
B008XHQOY8, 20.30
B09T6Y2N9L, 18.61
B09H3CRQGG, 19.68
B0BBFVDRDM, 16.49
B0009OAGUG, 34.16
B004K1ERT0, 36.28
B00DZIMKSE, 53.87
B0BSL7MVC3, 42.71
B07YMWQKH7, 98.44
B079J5MNHK, 32.94
B002DUEMO0, 27.34
B09VTG7H5G, 43.75
B0BV7B5V9K, 27.54
B00154HUOE, 15.67
B0CCPQ5MLP, 24.47
B0CCPNXBNN, 24.48
B06X95QXL8, 25.69
B01DUK4FFM, 68.56
B087XMBJZ4, 22.87
B00LNAQ2LW, 43.86
B0C33PDR5S, 82.45
B08N58VN12, 16.47
B001BC1PO6, 25.19
B099WPTK5B, 21.03
B07Z9NGK7Q, 17.23
B014W79V4M, 30.24
B01KHIVTJ0, 31.06
B00ID7BH4A, 25.08
B07ST63J69, 38.64
B07GB7Y724, 14.43
B001JGCZ5M, 28.72
B0BGT74D15, 112.19
B00OAFBJFQ, 16.93
B07TD9BPJF, 20.16
B0721NHR9G, 28.09
B00RBBEKGG, 13.16
B07NGR59L4, 34.37
B0BNYQF1TD, 141.23
B00164M9XA, 42.25
B098JHQKTG, 41.70
B07LC7YZYG, 19.26
B085WM81W5, 43.98
B07C5VBPXX, 53.08
B09JRGNFRL, 14.91
B07N3VN59J, 21.33
B07DT1Z9Z9, 17.51
B08XXH1BB4, 25.45
B004RYS6A6, 24.24
B07R3X5WHZ, 43.05
B071G5DWTT, 34.42
B00TF7WSVI, 16.31
B085F2X49W, 15.37
B07NQLDJLK, 18.98
B01N5EV5BE, 97.60
B0BDFSDWD2, 94.50
B002UXQK4A, 24.74
B08GPD7RRV, 39.15
B08XB9J647, 19.87
B07XVV77GK, 14.76
B07KWML4FZ, 176.95
B0BSR8SWN2, 14.48
B08GSRV3PB, 17.72
B014PNPLDI, 19.28
B000BPO7NA, 18.31
B00ISP2I3G, 19.44
B0B63N891T, 43.41
B084WPTR1V, 50.08
B08N69W3RF, 21.23
B00BLZXR5S, 23.12
B00AMXJ9G6, 48.40
B09BZTLCVZ, 118.45
B01LZW3LEZ, 40.14
B000ONN1TU, 21.02
B07VGSMCCG, 21.70
B07GZK73TQ, 83.86
B007TJFEL0, 39.18
B00PY3J8FQ, 43.95
B095Z1VS83, 16.08
B0CDCRLZHW, 51.68
B079WF7RLR, 23.40
B0757ZN7CG, 19.02
B0BL1PMXXZ, 60.82
B09QFN7SYZ, 24.19
B00F17A8JK, 44.76
B01EKBCUAW, 63.22
B08FMJ8HR7, 44.33
B08LQVNQYR, 13.01
B015QBOD4Q, 21.70
B071S6ZWWZ, 14.05
B0BRT72CJ2, 15.55
B08W4M6FWK, 31.38
B0999J3P8Q, 27.92
B07VW36NVB, 28.68
B089SQ5L6T, 128.65
B0BFWSHXYY, 81.99
B001NYZTVM, 43.57
B09PLL714P, 19.24
B0149KPJKM, 14.94
B08DRKVSBJ, 40.88
B00R4B1GMO, 21.00
B08J452Q24, 43.40
B0BQJSZSXF, 17.79
B07M7GYCN2, 16.04
B09TLBJNPX, 71.48
B01N4PKH8S, 21.40
B07TZMKNDB, 22.96
B002RII5SW, 16.84
B09T3D4D3S, 17.04
B078N8XR3K, 29.15
B00EJFE8AA, 137.84
B0042Y5ERY, 17.59
B098XT1YMJ, 17.44
B00008K61M, 50.39
B00JVT00JM, 53.81
B09S13WSL2, 22.34
B08P953XG1, 32.64
B07GQJHXMT, 79.59
B00IWO1S84, 22.09
B095X1DXNV, 18.15
B00F64771K, 18.56
B00SXP81R8, 25.21
B07VCSM9N9, 21.53
B0B915YZD5, 42.17
B09NLCF93R, 14.16
B07CN8FDJ7, 14.39
B08S2P8J2W, 15.52
B0793CJB6W, 23.19
B09MS1N3Q5, 15.49
B0049T9YM8, 34.06
B00JPRJ0KU, 40.42
B09444Y4HR, 16.09
B09F6KYFYS, 61.13
B09SQD81G2, 49.73
B01CIKB2KQ, 15.77
B0017HJPTC, 52.56
B01LZUSF8H, 81.05
B01JMNY9BG, 28.39
B07PF5H3Z8, 18.31
B0CGDPPL91, 60.02
B005P9AD4E, 109.60
B08L65BPZ2, 24.76
B0BBSW1XG9, 18.59
B09B7NK7TC, 41.79
B09QXM5MQ8, 26.88
B0C4TZXV6X, 33.54
B0B3GNW6HZ, 22.25
B00691GLWU, 35.56
B071VYQ16R, 31.21
B000JE06YW, 54.63
B07XGC84B2, 34.46
B07RSDKN9S, 154.68
B0B9187C2B, 64.83
B07W6H28H4, 20.16
B004OW51CC, 38.37
B07CJLMMKT, 14.07
B075XN9MRG, 58.84
B001UHF90I, 123.31
B002JCSSV0, 21.72
B000VD4U5M, 18.59
B09K7WV8VR, 27.16
B07XZM2KQ4, 40.99
B0BGSYRXLD, 74.19
B01JIS0VS0, 41.72
B0992WFC8K, 15.84
B08FRLTM9G, 32.60
B07T9M7MYV, 23.88
B07C9BJL1Z, 37.98
B078WRS4PN, 21.44
B0BZPZ5FKF, 64.93
B08447D13Y, 16.49
B07QB7YVFG, 35.72
B08FNDYQPK, 36.10
B01FHNJX1Q, 23.37
B09CN6NNRB, 54.99
B079FXXMS3, 24.19
B000XRVUI6, 22.74
B01H6QNNZY, 68.43
B07NS2SV3W, 19.24
B09Z2CMT2Y, 83.66
B00FKVAA0Y, 29.59
B083V7J8B2, 23.25
B07W1JF5TF, 30.24
B001J8C8L6, 14.72
B009W0L6KM, 32.46
B005SG0VX2, 34.63
B01J1LQ17O, 20.87
B0BCF92QG5, 15.85
B005UMTULS, 14.99
B01N5MRMVZ, 21.20
B0007VH7Q2, 27.51
B07XQFMX8M, 25.28
B00VWWPELA, 24.27
B084RQNZWT, 18.13
B001XCVUKI, 23.79
B08HRX6V35, 21.11
B07Q12ML1Q, 18.67
B0094XX79A, 29.62
B09BD3M31M, 34.01
B001UH2R0S, 39.03
B0002HP91Q, 61.14
B00MPQKX5O, 21.95
B0000AFSWH, 29.31
B00QAIYM6O, 27.83
B08TWZWV9C, 18.96
B089GZSFP1, 19.24
B0794SNC4H, 17.22
B0BNVSXRG5, 151.16
B00DB1HXNW, 18.25
B09BDCS826, 27.28
B00OYVKFQ0, 24.72
B006P3UP4M, 31.74
B088BJ8B1G, 39.15
B06XH2VYJ4, 38.82
B09P394Z24, 25.61
B001QWYYAS, 15.52
B00JWYR7QA, 17.20
B001FRZLGA, 62.04
B00A6O0U6Y, 20.82
B001NYX7ZM, 55.94
B088V2JW2L, 18.22
B004UAH42I, 25.34
B097L6XDXQ, 41.33
B0BW4KYHCV, 143.64
B07MCYLHBM, 48.38
B07755FQ19, 31.83
B0796GDTJ6, 54.94
B09KZ5QL52, 87.51
B08R3ZS99B, 43.30
B08JG2ZC11, 173.31
B009GGYBG8, 15.96
B091CZGDKF, 55.78
B0015ZCSTK, 15.48
B08M673NNG, 16.49
B00U4T5GME, 37.38
B0876SVQRC, 14.54
B01LEDVC5I, 11.42
B07S4LNDYK, 40.84
B01K20OOXQ, 20.38
B07VWXCXM7, 114.50
B000VZAXI8, 17.45
B0000D81LA, 21.71
B01K69D7HM, 29.67
B0B2X8NQB9, 15.20
B097TVLB4F, 132.79
B0BXP8JXTX, 14.17
B00008XX8Y, 30.84
B095C8XDRD, 38.66
B08ZT47RPD, 54.96
B07KJF81C4, 19.23
B079ZKT5TX, 37.74
B07PVDV8S9, 22.87
B09RSM9N9M, 16.45
B0CT8WKLN8, 75.77
B07VNM254J, 70.91
B073V5PWXD, 54.45
B088CGQXBK, 19.07
B0052SCIGO, 55.79
B07CR1JP2B, 42.34
B00VB71TVU, 83.71
B00MOIG3D4, 30.95
B0015ZB6YI, 91.37
B00AVWE7O2, 21.21
B009IX0OTC, 35.01
B08382FRXH, 28.92
B007C1O9QQ, 27.07
B07P6D147M, 25.31
B084D2MBJ8, 23.11
B002IE138O, 58.09
B0987TRWF1, 16.83
B084QXGGJS, 18.44
B00DRVML4W, 22.72
B0797M1N6W, 15.03
B00BNTUA2K, 54.25
B01MTYFT50, 37.62
B08C7TMBT3, 62.15
B0098JUOFK, 78.64
B003TZVK7U, 25.77
B00IZH7KFI, 94.29
1119387507, 15.74
B00008XV7Y, 18.06
B00GH52TPQ, 43.30
B0017V97AK, 28.30
B00JFP3KNU, 47.33
B00AZZHBRK, 27.49
B07DCRYGMF, 31.58
B01LZJ6UVC, 43.57
B08CL46Z12, 25.12
B08W8D36GS, 19.24
B0CB6M723F, 19.51
B0030G5G4Q, 26.26
B000RAC80I, 21.99
B0BC9FJMN4, 65.05
B07CSYGMMW, 15.59
B07L6MQSG3, 27.49
B07X6JFHHN, 57.12
B003JJSR72, 68.73
B00CI6J5JQ, 16.91
B0946RNJDT, 41.24
B007PRW9S2, 24.21
B096KP6K7W, 35.66
B0002YYZ8C, 15.46
B09MTPDP3W, 37.86
B00WG3WQHY, 20.82
B07YM2HXQX, 19.07
B07PPN5BQ2, 94.68
B0BPC9K938, 71.53
B013SJP3PQ, 25.01
B016JXWYHS, 35.62
B09T3LTZJL, 65.73
B079N6BP1G, 15.61
B06X96X7FJ, 47.67
B09SZM9YN2, 49.12
B01N7Y1XVL, 20.72
B093BNR3CM, 18.29
B07KYQLY8L, 55.50
B072HSPMG9, 79.41
B00VGQQIB2, 19.84
B07TGKYN2G, 56.74
B07DHRMKFY, 18.34
B07B7XV714, 17.22
B001PAQ6YI, 15.39
B07YBR13J8, 23.10
B003A5ZBY2, 36.63
B08BRYT5Y4, 20.15
B0751XSLGC, 55.44
B07WSJGQ3B, 47.91
B00XP5CYQ0, 38.52
B004LRAHT2, 23.09
B00NBY5SNG, 18.67
B00KPPXWJ6, 88.74
B07MVHJ6JN, 25.24
B01DM43VLA, 21.80
B07P8G9LT6, 22.93
B08HVP8Z33, 24.12
B07BYC317M, 32.95
B072N5MCYG, 112.16
B013JM3I72, 35.32
B01MZ74PGL, 32.76
B071WCN9KM, 27.49
B000KJMCJS, 29.13
B00975VA12, 17.05
B07N1B3S1Q, 17.43
B073W2FFHV, 15.11
B096KMRFDV, 36.93
B06XKQHJQW, 38.76
B07W8WHMBR, 51.55
B093BQ9CWQ, 18.21
B00008XX09, 39.59
B003AKCQXQ, 14.83
B01AT3JX78, 29.44
B0B85Q1B8B, 15.39
B07TT5RHYP, 139.14
B0047ZGAW6, 51.67
B000ODLYZI, 20.72
B07G2JQHYF, 16.44
B00462QP1G, 38.30
B0BQ1XJ57L, 49.84
B072LPCQLP, 15.70
B076DL7YHR, 40.65
B00MN0YD3U, 29.04
B0B83YDQTM, 23.58
B09DLD9Q9J, 27.15
B0B8HRV2T6, 38.13
B07S63Q2YG, 57.74
B07Y3V6QSX, 63.74
B000C3PUN2, 23.64
B00K86U3IU, 14.91
B008FOF86E, 17.99
B07WCBDN7F, 65.86
B004LO7E5A, 33.83
B0BV7GSJKC, 42.82
B009NPHRUE, 13.13
B0BLWDSJG1, 34.01
B09G6ZL35X, 80.93
B0BBSVSHSM, 14.24
B071NQFN5D, 19.25
B0B18X334Q, 37.19
B000P1PZMC, 17.09
B07JHX6ZDH, 37.83
B00CS2XBOU, 21.99
B0BHJFLNV9, 24.29
B0BZ8LM4MQ, 13.86
B06WVHVPBV, 49.49
B00004S1AS, 22.62
B08XZHTYPV, 118.66
B086RF6YJQ, 63.70
B08W8JH937, 33.80
B01I3GV5N8, 38.49
B00462QP0C, 23.38
B00R7HL7X8, 21.19
B084ZPYZ3L, 139.25
B0BG5BJCD7, 20.82
B07NY13TVS, 20.48
B01MA6CY8L, 24.11
B009BEO81I, 60.22
B07NLR6DSH, 27.42
B07GRQSHNJ, 76.45
B0BW48G1JY, 74.07
B09BSY5HRP, 28.81
B07B9453S5, 38.04
B09MTPSFZL, 72.15
B08QH33284, 27.14
B01EZADFW0, 19.05
B091JNMX15, 45.09
B008AHSHOQ, 20.19
B0C5GBXZZN, 163.58
B07GT6WCJR, 40.58
B00133KRK6, 16.44
B00CHT9E7M, 56.44
B01LON9XWM, 25.54
B0936ZNGXT, 44.32
B00PRZQGC4, 20.81
B001A4XDBS, 24.88
B00EB1O2V2, 23.34
B07LCLK791, 53.50
B0D2KY7JG2, 87.99
B07G364YHX, 122.96
B076QJPWFZ, 23.60
B0020RY2J6, 74.25
B07YYTJW4G, 19.92
B01LZT2YEU, 57.02
B07JHHJ47Z, 25.87
B07W4DGFSM, 47.25
B000OIDOWE, 14.60
B0BTTLS5B2, 44.85
B081SHD773, 53.32
B079T2QCFZ, 19.15
B0BTPZF6P1, 103.95
B0BZPSDCJZ, 62.91
B09ZGS2B2M, 23.28
B07QSC92NG, 91.85
B0030LLPFK, 19.25
B00IYATO9G, 23.65
B0BPC32YZ1, 51.87
B08CY6BCXT, 19.20
B00HVLUR86, 82.03
B0BFBDT2D2, 81.95
B07NX6VTKF, 76.65
B005EHILV4, 32.45
B08KXVYGSF, 49.02
B000WITGQO, 76.45
B004Z022WU, 37.35
B0BP7WPN1W, 16.47
B08FDPBLVL, 19.24
B07HKWSWG8, 39.29
B079GC95S4, 41.77
B0BPC8ZZK5, 27.49
B07N1HGVNS, 58.56
B07XCL6PWG, 46.75
B0B8GRCXB6, 55.62
B08GMBRZQH, 15.93
B0BR55ZB9T, 52.25
B07WJZCPT3, 48.76
B0000AQRST, 57.75
B000GUBOYU, 65.45
B07JH148DF, 39.54
B00WT3DPKI, 25.30
B0045O174A, 41.31
B083QMBM5H, 80.76
B01N10P0UG, 17.55
B097Q231NL, 17.57
B08NT44JSH, 47.76
B002KDN9AI, 18.63
B00HVLUR18, 31.35
B01MRZ3A1O, 72.26
B07NZ7QY6J, 17.67
B09TPRPDF9, 27.49
B08952CD8W, 16.46
B093QG1Y8C, 151.68
B09TKYXB7Y, 24.33
B072R3MNMJ, 16.49
B09NLQC6G1, 22.02
B097B9BVNL, 15.83
B09TPTD7X2, 28.99
B0BBRXR3QP, 18.14
B0CHW9DZMW, 16.55
B084BNW2PW, 15.39
B0C37BBD9V, 17.07
B0BSXKTRYZ, 21.00
B0CWP4DZ62, 154.85
B09RNGP5G6, 35.19
B07BN2TXBH, 14.88
B097Y3SYPD, 48.50
B083XR4H78, 15.43
B0CFVYSZPD, 24.19
B004O0TOU4, 20.34
B0CFVWNMW6, 22.00
B0CLVJ568P, 19.75
B0BBRW2S7T, 19.23
B07DYGD8CH, 25.98
B09TKYZLLT, 29.65
B0CFVZ4D1K, 17.60
B0CJRWV9FM, 61.53
B0CPH87KWV, 15.75
B01J41MPF8, 15.94
B0CQ8QGH6K, 26.19
B00HS9S4ZE, 16.30
B07TRG2Y58, 17.20
B083MV7R6M, 31.87
B0BX4QQQF8, 18.29
B09DPSTQ1P, 17.83
B0933HBG15, 15.38
B07FNVFZHN, 16.89
B07KXXCGQ7, 18.64
B0001D9JE4, 18.52
B098FHMMMY, 28.94
B07MGDRBBF, 28.80
B007P13SJW, 38.60
B009I4A1TE, 20.19
B08LL779NP, 16.49
B00UHE4ICK, 17.31
B0CKVXYPWG, 18.56
B082L1VGM4, 27.85
B00292ANOA, 17.95
B075KXGMNL, 35.10
B0B5B38JVP, 141.31
B07L61MPR1, 30.56
B0B7P9R373, 59.98
B07GSG94J6, 16.49
B0B25RV8VG, 20.35
B0CF2QRZH9, 28.02
B000XYHYI4, 33.78
B076PZZ3SX, 35.75
B07KXHZ2GJ, 21.51
B071KW94ZC, 16.04
B000VZERE4, 18.68
B073ZJ43L1, 87.87
B075V7NRBB, 28.62
B0CPFT191B, 69.43
B08H5P7C2G, 19.70
B07RY1VR6G, 25.59
B00LUGLSB8, 18.51
B07CZ15BJC, 63.84
B0BWKWSH6W, 59.39
B082TGJNST, 63.64
B0B21RDZFX, 36.24
B0B132QZH8, 16.49
B00UAO1XPW, 20.66
B00AXXTJY2, 41.21
B0035VP9TI, 21.99
B08KY32HFR, 191.04
B0C9P9DPV3, 33.34
B0BD43SMHD, 34.50
B012NOGGHQ, 20.70
B095HBV2WV, 26.42
B07B7NXD86, 18.73
B000OKLKKK, 24.15
B09P9MBJVV, 15.37
B00GI2W6FQ, 31.44
B08NF5ZKC9, 23.56
B07GSYLYSM, 32.77
B09VCJF97Q, 27.45
B0009U5OSO, 39.05
B0C6F9ZY7D, 25.55
B001ET6P9G, 16.62
B00DGBJJOS, 20.78
B075QCBS5J, 44.51
B0BBMX16RG, 60.86
B07XVQJ5DB, 97.59
B015O5PH6M, 17.45
B07FRGMPFJ, 16.53
B082XRQ6FF, 16.19
B092ZDVNBN, 51.07
B01GGKMA00, 40.21
B0CDXRHHJ9, 20.24
B01MDRE8MZ, 15.31
B07D1BD6C7, 25.85
B08555P95W, 43.94
B08SR7HKCQ, 27.31
B073ZGMVPD, 44.76
B086RGYBY9, 19.34
B01ISTEGR2, 20.31
B0D3RCFM2F, 26.95
B01AWE217S, 24.87
B0BTHRNB8P, 49.05
B0CGMBN8Z9, 55.26
B0093RMTY6, 54.92
B00BTFDF66, 19.87
B09SPZBGX8, 54.57
B07ZJVVXSX, 42.34
B0752GT4NG, 37.48
B0B9PT1QW2, 57.67
B0BMWKKGM8, 15.86
B06WWJ4KC5, 30.26
B0CF2T7GVJ, 19.35
B09DT61JQJ, 97.86
B07VNTFHD5, 79.30
B08M1YDZ8M, 22.30
B0BQWJSZQ4, 106.21
B06XGDTGYW, 18.66
B082TCXLLY, 30.47
B09NLSGKQY, 19.00
B086PBCTY1, 46.55
B075MWL6GG, 32.77
B088PJ9V5C, 46.72
B09KQ2VJCW, 75.64
B07Y3SNPSS, 54.99
B0001E3RBY, 43.60
B01N6L6TEN, 60.08
B08ZV5F5BQ, 52.59
B075MWKRZG, 48.58
B00LTT16WC, 42.30
B0771ND3VV, 62.47
B09STG81M2, 15.69
B0C3RWVQYS, 134.16
B07GB332WB, 22.88
B006905C8U, 22.11
B0001P4S7A, 19.09
B002EP7WX2, 30.14
B07JHD1H82, 18.87
B08CRTKLX4, 66.10
B08HK2BCGV, 56.70
B0052VK6HY, 47.36
B00UFT6EHY, 42.41
B0CQPM89H9, 75.71
B096YPNVBP, 37.95
B0000ACOV0, 43.98
B07YVNMJLJ, 109.99
786967889, 21.88
B06X96P3HV, 28.57
B0BLFG958X, 15.38
B09ZLJGLC5, 38.04
B002J78TRI, 18.87
B0C87TSY5P, 18.22
B081ZHVC37, 22.53
B0B8DYXH92, 15.88
B08JQYQY8X, 59.55
B003VZO4BM, 34.27
B077Y8SJQM, 33.00
B0098MGWA8, 74.46
B09WG1GHQH, 25.06
B086W7VGNQ, 60.95
B086NHM33N, 32.99
B00XLUA31C, 65.45
B014HAQQ2E, 71.62
B09KVCT8KN, 54.59
B08L669JY1, 56.05
B00V3B4B0U, 22.67
B01GT4KH5I, 22.13
B0BPCDR25J, 21.14
B09P494XXM, 28.06
B00FEG8BRO, 25.43
B0BG8BMZ34, 101.75
B07B4SDTQB, 21.88
B004C12S0I, 17.29
B008VOEC5G, 27.47
B0BNJ26TZW, 38.17
B09S1194Z2, 37.95
B06XVTP54K, 21.60
B0BQWXHJBW, 29.00
B08GL13KJP, 48.95
B0B21PJRX9, 79.68
B076B5VS85, 19.19
B01IR93B3S, 54.99
B07JBLZCYM, 13.44
B08HV573G2, 17.40
B0843TJPFF, 17.54
B002AN76UW, 50.89
B07MZ7T2NB, 33.45
B06XHY64MC, 131.94
B00KHFOBPS, 26.30
B075V9FXSL, 19.96
B0BNZ6WVZB, 51.25
B01BPFMQG4, 46.21
B00359O126, 20.88
B07M6QQCWM, 16.54
B07KCFM8KL, 16.84
B00B8TY6C0, 24.76
B08CVHKRHY, 22.06
B088KTXCN3, 25.55
B097S2WBPN, 42.91
B000FIE4AE, 18.10
B074F1CZZF, 20.47
B0002VKSKO, 22.34
B074FZK7S5, 37.14
B01AI2PS1A, 70.05
B09QFSZK1G, 58.04
B07SRGV27G, 22.08
B08WZ3PCSX, 37.93
B00IKCY592, 23.07
B078HPC7RC, 68.22
B00LFPDZKG, 47.82
B09RVB939N, 16.07
B014URJ77U, 41.72
B0B3R39SY7, 14.82
B0CG9J1J98, 16.50
B07MN1VMQF, 40.75
B01N7BN0YF, 48.13
B0BPF2D5P9, 32.60
B0BWJZPDGF, 136.83
B0BQJ6QL7L, 113.18
B08F8BZ3DP, 19.06
B08C7Y8GRC, 56.14
B00M9A46ZY, 47.38
B0156O5DJC, 14.64
B00LL1ZA6G, 29.31
B00008XVQ8, 16.92
B0BZ8JQDMT, 13.86
B00FLLJ1YY, 26.82
B000G4XK70, 13.75
B00HER8E5A, 61.05
B07T3PMWLC, 32.97
B01IRFBXPK, 17.79
B08S4596LQ, 68.57
B07HNV9YPQ, 15.13
B09QFS26GM, 100.70
B07P8PJ1ZK, 27.60
B07N92F531, 22.08
B016BFHZX2, 19.90
B01KTQQANK, 13.75
B09T3WYLDT, 18.70
B000SHQU1S, 19.02
B0009W86EG, 15.89
B07VLP9XMP, 54.45
B09CQBCB6Y, 43.81
B00F3JGSEA, 27.45
B00MUV6VD2, 27.13
B0CN13F65C, 71.51
B0896676G9, 19.34
B07HKV9339, 59.93
B09XFKH8LP, 13.75
B01M677HD2, 22.01
B08HQYNPSY, 33.03
B089HG351D, 64.96
B00RTG0KHG, 84.84
B00XUJLZ84, 21.60
B073NQWM14, 32.49
B0B51HM5VK, 75.64
B08QNHCLBQ, 14.74
B0BPCBF77L, 76.17
B00O4ANUTK, 21.99
B08KW69LKG, 25.15
B08J7HZW77, 34.00
B000KJO9YE, 37.11
B08W4PM24H, 61.80
B081J5JGXK, 14.29
B07XVWCZ7X, 42.04
B00HNLQZXA, 18.61
B004Z0MY0A, 19.27
B07FD2VPJ3, 36.19
B0002F5CD8, 15.40
B07L6Z451S, 36.77
B00008W6IH, 18.32
B06XC58J3P, 57.74
B08C5HZJCR, 76.29
B07TRJCZG4, 77.90
B000PXY5WG, 38.70
B01N5CECIJ, 40.31
B006VGMS8E, 16.85
B0CB6XGHS3, 16.78
B0BNKKLYYY, 157.49
B09TNBXC9J, 21.49
B002XQ1YT0, 18.66
B079DT2QX4, 16.49
B096M7X1DK, 25.57
B018OLO4XU, 52.95
B00B8397PC, 38.34
B0957QNC6T, 57.03
B0CCDXRSNQ, 20.83
B071CXJH4F, 21.62
B0C1C68DYP, 39.53
B003ZDV2F6, 35.74
B08W57WHHZ, 114.96
B00MOIEFKW, 25.50
B085WCT45P, 41.46
B014LBLUC0, 20.09
B00A3AT1KM, 20.14
B0015773I4, 43.46
B00M2O3CHA, 31.12
B002YXBNFC, 16.06
B0CFXY26H1, 19.25
B09BZFQM4F, 18.40
B08FCQLHM1, 15.77
B01E5G21JM, 51.28
B07Q3Z4TTT, 83.79
B00HPXOF6K, 27.04
B005FQJUI2, 39.60
B075GHJMP9, 19.64
B0C6Y5MB4Y, 63.25
B0BSH6NW7K, 17.31
B00V4BGE7C, 17.05
B07X9MNF8V, 60.80
B0BBRWC5BX, 18.12
B0CRRWTQM9, 31.66
B0BGT24J8Z, 68.84
B0C65WQN3W, 87.25
B001NL9UNS, 76.41
B01BSKR35U, 37.02
B00331WY3E, 25.97
B079J62RX8, 61.50
B07GTD1DBC, 15.35
B0BCL4F5RR, 20.68
B076TBKNLP, 28.66
B001O7W114, 16.75
B07TWRKXCF, 185.47
B07MLXWHT8, 30.61
B0BZ8YBJ64, 70.54
B07WLYD9N9, 20.15
B0CGZNPW1R, 17.04
B01N9PVSFD, 19.11
B00ID7CACS, 15.45
B08L9PBW95, 24.44
B0BZ8P5TJD, 13.50
B078218XMK, 28.29
B0BWDVRDHC, 27.18
B08NTKCBYF, 27.42
B084HNBVTJ, 40.88
B003KM1OR8, 36.93
B07NJ7W7PQ, 39.63
B01I27Q132, 18.21
B079WGR1TM, 20.12
B07TL2GRTQ, 62.02
B073ZFGL21, 23.75
B003AVMUSQ, 15.31
B075S9SX3F, 24.37
B000WL31LC, 21.95
B07KGH73GK, 81.77
B000KJO5KM, 36.66
B0BRQ8RDPV, 40.61
B0CNFSY3Y3, 23.58
B098JNXLLJ, 40.42
B0007VTDNM, 19.95
B00MW79OJC, 13.60
B08HN6GJTN, 127.39
B072KLCM26, 17.01
B08G1SQLX4, 42.91
B005ZD1N6W, 18.69
B0798KV45V, 29.11
B0C8TJ6P4B, 28.35
B00272MWDW, 30.79
B079YX9MLR, 41.44
B0CFVYSBN3, 35.42
B003YN9L3M, 15.27